Member_ID,Name,Date,Attendance,Revenue,Class
1001,Kiara Reddy,2026-01-17,1,534,Cardio
1001,Kiara Reddy,2026-01-02,1,783,Strength
1001,Kiara Reddy,2026-01-12,1,637,Strength
1001,Kiara Reddy,2026-01-19,1,313,Zumba
1001,Kiara Reddy,2026-01-09,1,411,Strength
1001,Kiara Reddy,2026-01-05,1,939,Strength
1001,Kiara Reddy,2026-01-25,1,745,Yoga
1001,Kiara Reddy,2026-01-27,1,527,Crossfit
1002,Navya Joshi,2026-01-26,1,456,Cardio
1002,Navya Joshi,2026-02-06,1,780,Zumba
1002,Navya Joshi,2026-02-23,1,434,Crossfit
1002,Navya Joshi,2026-02-19,1,310,Crossfit
1002,Navya Joshi,2026-02-02,1,365,Strength
1002,Navya Joshi,2026-01-09,1,680,Yoga
1002,Navya Joshi,2026-02-14,1,947,Yoga
1003,Ananya Verma,2026-02-27,1,612,Crossfit
1003,Ananya Verma,2026-02-27,1,779,Crossfit
1003,Ananya Verma,2026-01-21,1,539,Strength
1003,Ananya Verma,2026-01-10,1,973,Yoga
1003,Ananya Verma,2026-01-10,1,831,Strength
1003,Ananya Verma,2026-01-07,1,966,Yoga
1004,Anika Kapoor,2026-01-10,1,979,Zumba
1004,Anika Kapoor,2026-02-07,1,770,Yoga
1004,Anika Kapoor,2026-02-17,1,869,Crossfit
1004,Anika Kapoor,2026-02-28,1,586,Crossfit
1004,Anika Kapoor,2026-01-17,1,655,Cardio
1004,Anika Kapoor,2026-02-14,1,952,Strength
1004,Anika Kapoor,2026-02-07,1,711,Strength
1004,Anika Kapoor,2026-02-05,1,431,Strength
1004,Anika Kapoor,2026-01-01,1,612,Crossfit
1005,Atharv Iyer,2026-01-19,1,530,Cardio
1005,Atharv Iyer,2026-01-14,1,826,Strength
1005,Atharv Iyer,2026-02-27,1,563,Crossfit
1005,Atharv Iyer,2026-02-27,1,887,Cardio
1005,Atharv Iyer,2026-01-06,1,795,Cardio
1005,Atharv Iyer,2026-01-03,1,320,Cardio
1005,Atharv Iyer,2026-01-14,1,890,Cardio
1006,Vihaan Mehta,2026-01-19,1,811,Zumba
1006,Vihaan Mehta,2026-01-28,1,675,Yoga
1006,Vihaan Mehta,2026-01-14,1,719,Zumba
1006,Vihaan Mehta,2026-02-19,1,635,Crossfit
1006,Vihaan Mehta,2026-02-19,1,578,Zumba
1007,Kiara Iyer,2026-03-01,1,549,Yoga
1007,Kiara Iyer,2026-01-12,1,572,Zumba
1007,Kiara Iyer,2026-02-21,1,807,Yoga
1007,Kiara Iyer,2026-02-10,1,797,Cardio
1007,Kiara Iyer,2026-01-18,1,975,Crossfit
1007,Kiara Iyer,2026-01-01,1,366,Cardio
1007,Kiara Iyer,2026-03-01,1,341,Zumba
1007,Kiara Iyer,2026-01-09,1,941,Strength
1008,Anika Joshi,2026-02-12,1,938,Crossfit
1008,Anika Joshi,2026-02-07,1,781,Yoga
1008,Anika Joshi,2026-01-01,1,625,Crossfit
1008,Anika Joshi,2026-02-04,1,342,Yoga
1008,Anika Joshi,2026-02-28,1,664,Yoga
1008,Anika Joshi,2026-01-29,1,345,Crossfit
1009,Karan Reddy,2026-01-28,1,384,Yoga
1009,Karan Reddy,2026-02-14,1,445,Yoga
1009,Karan Reddy,2026-01-05,1,597,Crossfit
1009,Karan Reddy,2026-02-04,1,698,Strength
1009,Karan Reddy,2026-01-13,1,870,Zumba
1009,Karan Reddy,2026-02-22,1,574,Zumba
1009,Karan Reddy,2026-01-07,1,447,Strength
1009,Karan Reddy,2026-02-12,1,727,Strength
1009,Karan Reddy,2026-01-20,1,720,Cardio
1010,Myra Iyer,2026-02-28,1,330,Cardio
1010,Myra Iyer,2026-02-04,1,742,Cardio
1010,Myra Iyer,2026-02-27,1,865,Yoga
1010,Myra Iyer,2026-02-03,1,816,Cardio
1010,Myra Iyer,2026-02-12,1,485,Cardio
1010,Myra Iyer,2026-02-24,1,365,Yoga
1010,Myra Iyer,2026-02-23,1,600,Cardio
1010,Myra Iyer,2026-01-15,1,465,Crossfit
1010,Myra Iyer,2026-01-14,1,544,Crossfit
1011,Aditya Gupta,2026-02-03,1,532,Yoga
1011,Aditya Gupta,2026-02-03,1,627,Cardio
1011,Aditya Gupta,2026-01-27,1,789,Strength
1011,Aditya Gupta,2026-01-17,1,314,Zumba
1011,Aditya Gupta,2026-01-12,1,360,Cardio
1011,Aditya Gupta,2026-01-01,1,889,Cardio
1011,Aditya Gupta,2026-02-16,1,977,Zumba
1011,Aditya Gupta,2026-01-01,1,992,Strength
1012,Vihaan Patel,2026-01-06,1,461,Strength
1012,Vihaan Patel,2026-02-15,1,430,Zumba
1012,Vihaan Patel,2026-02-14,1,972,Zumba
1012,Vihaan Patel,2026-01-20,1,470,Yoga
1012,Vihaan Patel,2026-02-07,1,521,Zumba
1012,Vihaan Patel,2026-02-04,1,730,Yoga
1013,Krishna Sharma,2026-01-29,1,518,Cardio
1013,Krishna Sharma,2026-02-24,1,366,Yoga
1013,Krishna Sharma,2026-02-28,1,805,Yoga
1013,Krishna Sharma,2026-01-19,1,869,Yoga
1013,Krishna Sharma,2026-02-03,1,779,Cardio
1013,Krishna Sharma,2026-03-01,1,973,Cardio
1013,Krishna Sharma,2026-02-16,1,452,Zumba
1014,Navya Gupta,2026-02-20,1,658,Crossfit
1014,Navya Gupta,2026-01-09,1,400,Cardio
1014,Navya Gupta,2026-01-23,1,735,Cardio
1014,Navya Gupta,2026-02-03,1,807,Yoga
1014,Navya Gupta,2026-01-03,1,720,Strength
1014,Navya Gupta,2026-02-17,1,435,Cardio
1015,Arnav Nair,2026-01-13,1,773,Crossfit
1015,Arnav Nair,2026-02-05,1,625,Cardio
1015,Arnav Nair,2026-02-23,1,918,Crossfit
1015,Arnav Nair,2026-01-22,1,691,Cardio
1015,Arnav Nair,2026-01-14,1,892,Zumba
1015,Arnav Nair,2026-02-17,1,623,Yoga
1015,Arnav Nair,2026-01-03,1,774,Crossfit
1015,Arnav Nair,2026-01-28,1,779,Zumba
1015,Arnav Nair,2026-01-21,1,850,Zumba
1015,Arnav Nair,2026-01-20,1,381,Strength
1016,Muhammad Joshi,2026-01-07,1,525,Zumba
1016,Muhammad Joshi,2026-02-04,1,858,Cardio
1016,Muhammad Joshi,2026-02-24,1,631,Cardio
1016,Muhammad Joshi,2026-01-14,1,960,Zumba
1016,Muhammad Joshi,2026-02-19,1,852,Crossfit
1016,Muhammad Joshi,2026-01-12,1,714,Zumba
1017,Anika Gupta,2026-01-18,1,986,Zumba
1017,Anika Gupta,2026-02-15,1,699,Zumba
1017,Anika Gupta,2026-02-13,1,556,Crossfit
1017,Anika Gupta,2026-01-02,1,419,Strength
1017,Anika Gupta,2026-01-17,1,802,Strength
1018,Ayaan Verma,2026-01-27,1,314,Crossfit
1018,Ayaan Verma,2026-01-13,1,862,Crossfit
1018,Ayaan Verma,2026-01-26,1,901,Zumba
1018,Ayaan Verma,2026-02-07,1,568,Crossfit
1018,Ayaan Verma,2026-01-20,1,347,Crossfit
1018,Ayaan Verma,2026-01-31,1,320,Yoga
1018,Ayaan Verma,2026-02-10,1,480,Strength
1018,Ayaan Verma,2026-01-29,1,976,Cardio
1018,Ayaan Verma,2026-02-15,1,371,Cardio
1019,Krishna Reddy,2026-01-13,1,520,Crossfit
1019,Krishna Reddy,2026-02-17,1,831,Strength
1019,Krishna Reddy,2026-01-02,1,585,Zumba
1019,Krishna Reddy,2026-02-22,1,874,Crossfit
1019,Krishna Reddy,2026-01-10,1,800,Yoga
1019,Krishna Reddy,2026-01-11,1,740,Yoga
1019,Krishna Reddy,2026-01-30,1,424,Cardio
1019,Krishna Reddy,2026-02-05,1,774,Crossfit
1020,Kabir Nair,2026-02-23,1,723,Yoga
1020,Kabir Nair,2026-02-17,1,607,Crossfit
1020,Kabir Nair,2026-02-18,1,980,Yoga
1020,Kabir Nair,2026-03-01,1,558,Zumba
1020,Kabir Nair,2026-01-04,1,532,Crossfit
1020,Kabir Nair,2026-02-26,1,397,Yoga
1020,Kabir Nair,2026-02-28,1,557,Yoga
1020,Kabir Nair,2026-02-07,1,619,Strength
1020,Kabir Nair,2026-02-23,1,470,Strength
1021,Aadhya Iyer,2026-01-02,1,386,Crossfit
1021,Aadhya Iyer,2026-01-28,1,798,Crossfit
1021,Aadhya Iyer,2026-02-20,1,540,Cardio
1021,Aadhya Iyer,2026-02-20,1,856,Zumba
1021,Aadhya Iyer,2026-01-23,1,908,Crossfit
1022,Ishaan Sharma,2026-02-24,1,494,Yoga
1022,Ishaan Sharma,2026-01-18,1,355,Cardio
1022,Ishaan Sharma,2026-01-05,1,363,Zumba
1022,Ishaan Sharma,2026-02-25,1,734,Zumba
1022,Ishaan Sharma,2026-01-16,1,434,Yoga
1022,Ishaan Sharma,2026-01-01,1,918,Cardio
1022,Ishaan Sharma,2026-02-16,1,304,Zumba
1022,Ishaan Sharma,2026-01-24,1,841,Crossfit
1023,Kiara Iyer,2026-02-10,1,425,Strength
1023,Kiara Iyer,2026-02-20,1,903,Zumba
1023,Kiara Iyer,2026-02-09,1,430,Strength
1023,Kiara Iyer,2026-01-10,1,840,Strength
1023,Kiara Iyer,2026-02-04,1,957,Strength
1023,Kiara Iyer,2026-01-08,1,488,Cardio
1023,Kiara Iyer,2026-01-19,1,571,Yoga
1023,Kiara Iyer,2026-02-06,1,474,Cardio
1024,Krishna Kapoor,2026-01-16,1,478,Zumba
1024,Krishna Kapoor,2026-02-01,1,652,Zumba
1024,Krishna Kapoor,2026-01-28,1,706,Yoga
1024,Krishna Kapoor,2026-02-01,1,999,Zumba
1024,Krishna Kapoor,2026-02-16,1,635,Crossfit
1025,Aditya Reddy,2026-01-21,1,944,Yoga
1025,Aditya Reddy,2026-01-01,1,429,Cardio
1025,Aditya Reddy,2026-02-20,1,357,Strength
1025,Aditya Reddy,2026-01-18,1,740,Zumba
1025,Aditya Reddy,2026-02-10,1,586,Zumba
1025,Aditya Reddy,2026-01-24,1,501,Strength
1025,Aditya Reddy,2026-03-01,1,908,Strength
1025,Aditya Reddy,2026-01-02,1,874,Crossfit
1025,Aditya Reddy,2026-01-05,1,835,Strength
1025,Aditya Reddy,2026-02-19,1,839,Yoga
1026,Krishna Nair,2026-02-22,1,735,Strength
1026,Krishna Nair,2026-01-01,1,955,Yoga
1026,Krishna Nair,2026-02-09,1,534,Yoga
1026,Krishna Nair,2026-01-08,1,735,Zumba
1026,Krishna Nair,2026-01-12,1,541,Zumba
1026,Krishna Nair,2026-02-13,1,325,Yoga
1026,Krishna Nair,2026-02-04,1,652,Cardio
1026,Krishna Nair,2026-02-16,1,855,Crossfit
1027,Arnav Joshi,2026-01-16,1,691,Cardio
1027,Arnav Joshi,2026-01-26,1,982,Crossfit
1027,Arnav Joshi,2026-01-19,1,644,Strength
1027,Arnav Joshi,2026-01-24,1,308,Strength
1027,Arnav Joshi,2026-01-24,1,915,Zumba
1027,Arnav Joshi,2026-01-01,1,768,Yoga
1027,Arnav Joshi,2026-01-10,1,883,Crossfit
1027,Arnav Joshi,2026-02-27,1,849,Cardio
1028,Aadhya Kapoor,2026-01-25,1,443,Strength
1028,Aadhya Kapoor,2026-01-30,1,630,Zumba
1028,Aadhya Kapoor,2026-01-31,1,892,Crossfit
1028,Aadhya Kapoor,2026-01-19,1,764,Cardio
1028,Aadhya Kapoor,2026-01-14,1,723,Yoga
1028,Aadhya Kapoor,2026-02-13,1,935,Yoga
1028,Aadhya Kapoor,2026-02-20,1,658,Strength
1029,Arnav Kapoor,2026-02-11,1,908,Cardio
1029,Arnav Kapoor,2026-01-05,1,788,Strength
1029,Arnav Kapoor,2026-02-01,1,341,Zumba
1029,Arnav Kapoor,2026-02-01,1,372,Strength
1029,Arnav Kapoor,2026-01-26,1,343,Zumba
1029,Arnav Kapoor,2026-02-16,1,676,Yoga
1029,Arnav Kapoor,2026-02-15,1,317,Strength
1029,Arnav Kapoor,2026-02-22,1,627,Strength
1029,Arnav Kapoor,2026-02-24,1,349,Crossfit
1029,Arnav Kapoor,2026-01-31,1,714,Crossfit
1030,Karan Patel,2026-02-14,1,559,Strength
1030,Karan Patel,2026-02-04,1,849,Cardio
1030,Karan Patel,2026-01-14,1,703,Cardio
1030,Karan Patel,2026-01-06,1,985,Cardio
1030,Karan Patel,2026-01-06,1,725,Crossfit
1031,Dhruv Gupta,2026-01-19,1,411,Strength
1031,Dhruv Gupta,2026-01-29,1,652,Strength
1031,Dhruv Gupta,2026-02-07,1,978,Crossfit
1031,Dhruv Gupta,2026-02-04,1,567,Crossfit
1031,Dhruv Gupta,2026-02-26,1,481,Crossfit
1031,Dhruv Gupta,2026-01-31,1,554,Zumba
1031,Dhruv Gupta,2026-02-18,1,853,Cardio
1031,Dhruv Gupta,2026-01-09,1,780,Zumba
1032,Aditya Gupta,2026-01-21,1,990,Yoga
1032,Aditya Gupta,2026-01-06,1,881,Cardio
1032,Aditya Gupta,2026-02-27,1,535,Crossfit
1032,Aditya Gupta,2026-02-19,1,326,Crossfit
1032,Aditya Gupta,2026-02-12,1,467,Zumba
1033,Ira Gupta,2026-02-22,1,587,Yoga
1033,Ira Gupta,2026-02-08,1,558,Crossfit
1033,Ira Gupta,2026-01-04,1,892,Yoga
1033,Ira Gupta,2026-02-06,1,842,Crossfit
1033,Ira Gupta,2026-01-11,1,682,Strength
1033,Ira Gupta,2026-01-04,1,764,Crossfit
1033,Ira Gupta,2026-02-16,1,910,Yoga
1033,Ira Gupta,2026-01-11,1,642,Cardio
1033,Ira Gupta,2026-02-20,1,357,Crossfit
1034,Aditya Kapoor,2026-01-09,1,689,Strength
1034,Aditya Kapoor,2026-01-01,1,362,Crossfit
1034,Aditya Kapoor,2026-01-16,1,727,Cardio
1034,Aditya Kapoor,2026-01-22,1,983,Crossfit
1034,Aditya Kapoor,2026-02-17,1,838,Yoga
1034,Aditya Kapoor,2026-01-12,1,342,Cardio
1034,Aditya Kapoor,2026-02-09,1,508,Zumba
1034,Aditya Kapoor,2026-01-25,1,401,Yoga
1034,Aditya Kapoor,2026-01-21,1,555,Zumba
1035,Vivaan Mehta,2026-01-20,1,705,Yoga
1035,Vivaan Mehta,2026-02-15,1,634,Zumba
1035,Vivaan Mehta,2026-01-18,1,794,Zumba
1035,Vivaan Mehta,2026-01-21,1,686,Crossfit
1035,Vivaan Mehta,2026-01-22,1,715,Strength
1035,Vivaan Mehta,2026-01-07,1,820,Zumba
1035,Vivaan Mehta,2026-01-10,1,600,Crossfit
1035,Vivaan Mehta,2026-01-19,1,685,Cardio
1035,Vivaan Mehta,2026-01-04,1,848,Strength
1036,Ritvik Reddy,2026-02-19,1,325,Crossfit
1036,Ritvik Reddy,2026-02-02,1,881,Cardio
1036,Ritvik Reddy,2026-02-04,1,877,Cardio
1036,Ritvik Reddy,2026-01-07,1,581,Cardio
1036,Ritvik Reddy,2026-02-01,1,623,Crossfit
1036,Ritvik Reddy,2026-01-26,1,949,Zumba
1036,Ritvik Reddy,2026-02-22,1,824,Crossfit
1036,Ritvik Reddy,2026-02-02,1,409,Zumba
1036,Ritvik Reddy,2026-02-07,1,461,Strength
1037,Anika Patel,2026-01-01,1,561,Zumba
1037,Anika Patel,2026-02-05,1,660,Crossfit
1037,Anika Patel,2026-02-19,1,478,Zumba
1037,Anika Patel,2026-01-13,1,771,Zumba
1037,Anika Patel,2026-02-03,1,727,Zumba
1037,Anika Patel,2026-02-18,1,374,Cardio
1037,Anika Patel,2026-02-13,1,631,Crossfit
1038,Aditya Kapoor,2026-01-07,1,573,Yoga
1038,Aditya Kapoor,2026-01-24,1,696,Strength
1038,Aditya Kapoor,2026-01-11,1,447,Yoga
1038,Aditya Kapoor,2026-01-05,1,415,Crossfit
1038,Aditya Kapoor,2026-01-16,1,488,Strength
1038,Aditya Kapoor,2026-02-03,1,843,Zumba
1038,Aditya Kapoor,2026-02-18,1,961,Yoga
1039,Ved Mehta,2026-01-04,1,586,Yoga
1039,Ved Mehta,2026-01-19,1,651,Yoga
1039,Ved Mehta,2026-02-16,1,366,Zumba
1039,Ved Mehta,2026-02-20,1,393,Strength
1039,Ved Mehta,2026-01-04,1,307,Strength
1039,Ved Mehta,2026-01-19,1,752,Zumba
1039,Ved Mehta,2026-02-13,1,545,Zumba
1039,Ved Mehta,2026-01-23,1,353,Crossfit
1040,Diya Nair,2026-01-28,1,750,Zumba
1040,Diya Nair,2026-02-16,1,956,Crossfit
1040,Diya Nair,2026-02-24,1,475,Yoga
1040,Diya Nair,2026-02-19,1,540,Strength
1040,Diya Nair,2026-02-15,1,596,Yoga
1040,Diya Nair,2026-02-15,1,374,Strength
1040,Diya Nair,2026-02-24,1,310,Zumba
1040,Diya Nair,2026-03-01,1,652,Yoga
1040,Diya Nair,2026-02-07,1,661,Yoga
1041,Atharv Sharma,2026-02-13,1,390,Crossfit
1041,Atharv Sharma,2026-02-14,1,957,Yoga
1041,Atharv Sharma,2026-02-22,1,367,Cardio
1041,Atharv Sharma,2026-02-28,1,575,Crossfit
1041,Atharv Sharma,2026-02-17,1,839,Yoga
1041,Atharv Sharma,2026-01-01,1,988,Zumba
1041,Atharv Sharma,2026-02-25,1,916,Yoga
1041,Atharv Sharma,2026-01-11,1,936,Zumba
1042,Vivaan Joshi,2026-02-15,1,948,Yoga
1042,Vivaan Joshi,2026-01-25,1,473,Strength
1042,Vivaan Joshi,2026-01-21,1,453,Crossfit
1042,Vivaan Joshi,2026-01-19,1,426,Yoga
1042,Vivaan Joshi,2026-01-06,1,476,Crossfit
1043,Karan Iyer,2026-01-23,1,325,Zumba
1043,Karan Iyer,2026-02-10,1,935,Cardio
1043,Karan Iyer,2026-02-13,1,500,Cardio
1043,Karan Iyer,2026-02-02,1,866,Crossfit
1043,Karan Iyer,2026-01-25,1,360,Strength
1043,Karan Iyer,2026-02-10,1,696,Zumba
1043,Karan Iyer,2026-01-29,1,665,Zumba
1044,Arjun Nair,2026-02-05,1,833,Yoga
1044,Arjun Nair,2026-02-27,1,620,Yoga
1044,Arjun Nair,2026-02-20,1,922,Strength
1044,Arjun Nair,2026-03-01,1,936,Cardio
1044,Arjun Nair,2026-01-19,1,814,Zumba
1044,Arjun Nair,2026-02-07,1,624,Crossfit
1044,Arjun Nair,2026-01-30,1,359,Cardio
1044,Arjun Nair,2026-02-27,1,785,Crossfit
1044,Arjun Nair,2026-01-01,1,912,Yoga
1044,Arjun Nair,2026-02-03,1,618,Zumba
1045,Myra Iyer,2026-02-01,1,347,Strength
1045,Myra Iyer,2026-02-23,1,535,Zumba
1045,Myra Iyer,2026-01-26,1,524,Zumba
1045,Myra Iyer,2026-01-06,1,588,Cardio
1045,Myra Iyer,2026-02-04,1,607,Strength
1045,Myra Iyer,2026-02-26,1,570,Crossfit
1046,Arjun Sharma,2026-01-20,1,347,Yoga
1046,Arjun Sharma,2026-01-08,1,765,Zumba
1046,Arjun Sharma,2026-02-08,1,678,Yoga
1046,Arjun Sharma,2026-02-12,1,606,Strength
1046,Arjun Sharma,2026-02-14,1,595,Zumba
1047,Ananya Kapoor,2026-01-07,1,801,Strength
1047,Ananya Kapoor,2026-01-05,1,740,Strength
1047,Ananya Kapoor,2026-01-06,1,504,Cardio
1047,Ananya Kapoor,2026-02-23,1,444,Yoga
1047,Ananya Kapoor,2026-02-24,1,318,Crossfit
1047,Ananya Kapoor,2026-01-25,1,309,Zumba
1047,Ananya Kapoor,2026-01-19,1,387,Crossfit
1048,Rohan Reddy,2026-02-11,1,775,Cardio
1048,Rohan Reddy,2026-02-07,1,871,Zumba
1048,Rohan Reddy,2026-01-27,1,411,Zumba
1048,Rohan Reddy,2026-01-15,1,595,Crossfit
1048,Rohan Reddy,2026-01-17,1,739,Cardio
1049,Atharv Sharma,2026-01-26,1,944,Strength
1049,Atharv Sharma,2026-02-07,1,494,Yoga
1049,Atharv Sharma,2026-02-26,1,794,Cardio
1049,Atharv Sharma,2026-03-01,1,553,Crossfit
1049,Atharv Sharma,2026-02-23,1,886,Yoga
1049,Atharv Sharma,2026-01-08,1,663,Zumba
1050,Aditya Gupta,2026-02-19,1,834,Yoga
1050,Aditya Gupta,2026-02-03,1,952,Strength
1050,Aditya Gupta,2026-02-04,1,522,Cardio
1050,Aditya Gupta,2026-01-02,1,531,Strength
1050,Aditya Gupta,2026-02-21,1,561,Strength
1050,Aditya Gupta,2026-01-07,1,652,Crossfit
1050,Aditya Gupta,2026-02-16,1,681,Crossfit
1051,Krishna Sharma,2026-02-16,1,334,Crossfit
1051,Krishna Sharma,2026-01-16,1,904,Yoga
1051,Krishna Sharma,2026-02-28,1,967,Crossfit
1051,Krishna Sharma,2026-02-10,1,579,Crossfit
1051,Krishna Sharma,2026-01-14,1,623,Crossfit
1051,Krishna Sharma,2026-01-30,1,312,Cardio
1052,Myra Reddy,2026-01-15,1,607,Yoga
1052,Myra Reddy,2026-01-17,1,460,Crossfit
1052,Myra Reddy,2026-02-20,1,851,Yoga
1052,Myra Reddy,2026-01-03,1,970,Crossfit
1052,Myra Reddy,2026-02-19,1,442,Zumba
1052,Myra Reddy,2026-01-02,1,951,Cardio
1052,Myra Reddy,2026-02-05,1,895,Cardio
1052,Myra Reddy,2026-02-19,1,626,Yoga
1053,Meera Iyer,2026-01-29,1,599,Cardio
1053,Meera Iyer,2026-01-16,1,989,Zumba
1053,Meera Iyer,2026-02-07,1,861,Crossfit
1053,Meera Iyer,2026-02-15,1,869,Zumba
1053,Meera Iyer,2026-02-18,1,712,Strength
1053,Meera Iyer,2026-01-23,1,668,Zumba
1053,Meera Iyer,2026-02-10,1,857,Zumba
1053,Meera Iyer,2026-01-31,1,822,Strength
1053,Meera Iyer,2026-02-25,1,456,Cardio
1053,Meera Iyer,2026-01-12,1,852,Strength
1054,Kabir Verma,2026-02-11,1,494,Yoga
1054,Kabir Verma,2026-02-18,1,856,Cardio
1054,Kabir Verma,2026-01-13,1,822,Yoga
1054,Kabir Verma,2026-02-22,1,707,Crossfit
1054,Kabir Verma,2026-02-06,1,732,Strength
1054,Kabir Verma,2026-02-10,1,490,Yoga
1054,Kabir Verma,2026-02-17,1,307,Crossfit
1055,Shaurya Mehta,2026-02-13,1,650,Cardio
1055,Shaurya Mehta,2026-01-22,1,386,Cardio
1055,Shaurya Mehta,2026-01-03,1,484,Strength
1055,Shaurya Mehta,2026-01-18,1,462,Yoga
1055,Shaurya Mehta,2026-02-15,1,395,Crossfit
1055,Shaurya Mehta,2026-01-07,1,634,Strength
1055,Shaurya Mehta,2026-02-11,1,480,Cardio
1055,Shaurya Mehta,2026-02-03,1,739,Zumba
1055,Shaurya Mehta,2026-01-09,1,929,Crossfit
1056,Krishna Patel,2026-01-26,1,769,Cardio
1056,Krishna Patel,2026-01-02,1,961,Zumba
1056,Krishna Patel,2026-01-02,1,936,Zumba
1056,Krishna Patel,2026-02-13,1,913,Zumba
1056,Krishna Patel,2026-02-12,1,589,Zumba
1056,Krishna Patel,2026-02-17,1,643,Zumba
1056,Krishna Patel,2026-02-03,1,681,Zumba
1056,Krishna Patel,2026-01-14,1,667,Crossfit
1056,Krishna Patel,2026-01-21,1,345,Cardio
1057,Dhruv Reddy,2026-02-24,1,702,Zumba
1057,Dhruv Reddy,2026-01-02,1,495,Crossfit
1057,Dhruv Reddy,2026-01-02,1,566,Zumba
1057,Dhruv Reddy,2026-01-26,1,681,Zumba
1057,Dhruv Reddy,2026-01-11,1,534,Strength
1057,Dhruv Reddy,2026-02-06,1,578,Crossfit
1057,Dhruv Reddy,2026-01-14,1,558,Zumba
1057,Dhruv Reddy,2026-01-20,1,956,Zumba
1057,Dhruv Reddy,2026-02-02,1,777,Crossfit
1058,Ishaan Joshi,2026-02-07,1,308,Zumba
1058,Ishaan Joshi,2026-02-05,1,996,Zumba
1058,Ishaan Joshi,2026-02-11,1,912,Zumba
1058,Ishaan Joshi,2026-02-16,1,515,Strength
1058,Ishaan Joshi,2026-01-14,1,343,Cardio
1058,Ishaan Joshi,2026-01-22,1,966,Crossfit
1058,Ishaan Joshi,2026-01-02,1,525,Yoga
1059,Reyansh Gupta,2026-02-05,1,625,Crossfit
1059,Reyansh Gupta,2026-01-18,1,418,Strength
1059,Reyansh Gupta,2026-01-15,1,606,Cardio
1059,Reyansh Gupta,2026-01-24,1,884,Zumba
1059,Reyansh Gupta,2026-01-31,1,733,Crossfit
1059,Reyansh Gupta,2026-01-30,1,421,Yoga
1059,Reyansh Gupta,2026-02-01,1,431,Crossfit
1059,Reyansh Gupta,2026-02-06,1,856,Yoga
1059,Reyansh Gupta,2026-01-18,1,396,Zumba
1060,Navya Reddy,2026-01-05,1,793,Zumba
1060,Navya Reddy,2026-01-03,1,442,Strength
1060,Navya Reddy,2026-02-15,1,677,Yoga
1060,Navya Reddy,2026-01-07,1,367,Yoga
1060,Navya Reddy,2026-02-23,1,368,Yoga
1060,Navya Reddy,2026-01-30,1,632,Crossfit
1060,Navya Reddy,2026-02-05,1,825,Zumba
1061,Ved Verma,2026-02-01,1,808,Strength
1061,Ved Verma,2026-01-18,1,431,Cardio
1061,Ved Verma,2026-01-11,1,949,Cardio
1061,Ved Verma,2026-01-12,1,961,Cardio
1061,Ved Verma,2026-01-22,1,840,Strength
1062,Ayaan Gupta,2026-02-02,1,373,Zumba
1062,Ayaan Gupta,2026-01-22,1,319,Cardio
1062,Ayaan Gupta,2026-01-07,1,982,Strength
1062,Ayaan Gupta,2026-01-02,1,568,Cardio
1062,Ayaan Gupta,2026-02-02,1,858,Strength
1062,Ayaan Gupta,2026-01-09,1,708,Zumba
1062,Ayaan Gupta,2026-01-01,1,479,Crossfit
1062,Ayaan Gupta,2026-01-22,1,684,Crossfit
1063,Reyansh Iyer,2026-02-17,1,451,Strength
1063,Reyansh Iyer,2026-01-21,1,608,Yoga
1063,Reyansh Iyer,2026-01-23,1,603,Zumba
1063,Reyansh Iyer,2026-02-04,1,405,Yoga
1063,Reyansh Iyer,2026-01-05,1,595,Crossfit
1063,Reyansh Iyer,2026-01-01,1,702,Yoga
1063,Reyansh Iyer,2026-02-09,1,886,Yoga
1063,Reyansh Iyer,2026-01-28,1,632,Strength
1063,Reyansh Iyer,2026-02-19,1,946,Yoga
1064,Anika Joshi,2026-02-17,1,409,Cardio
1064,Anika Joshi,2026-01-10,1,729,Strength
1064,Anika Joshi,2026-01-26,1,992,Crossfit
1064,Anika Joshi,2026-02-05,1,654,Yoga
1064,Anika Joshi,2026-02-22,1,989,Yoga
1064,Anika Joshi,2026-01-16,1,591,Zumba
1064,Anika Joshi,2026-01-03,1,520,Cardio
1064,Anika Joshi,2026-01-30,1,576,Zumba
1064,Anika Joshi,2026-01-31,1,459,Crossfit
1065,Ananya Gupta,2026-01-28,1,842,Cardio
1065,Ananya Gupta,2026-02-28,1,931,Cardio
1065,Ananya Gupta,2026-01-15,1,784,Zumba
1065,Ananya Gupta,2026-01-19,1,490,Cardio
1065,Ananya Gupta,2026-01-02,1,534,Cardio
1065,Ananya Gupta,2026-02-18,1,905,Strength
1065,Ananya Gupta,2026-02-03,1,402,Strength
1066,Krishna Kapoor,2026-02-17,1,996,Strength
1066,Krishna Kapoor,2026-02-17,1,859,Crossfit
1066,Krishna Kapoor,2026-02-05,1,408,Strength
1066,Krishna Kapoor,2026-01-11,1,550,Crossfit
1066,Krishna Kapoor,2026-02-15,1,571,Strength
1067,Sara Iyer,2026-02-19,1,898,Yoga
1067,Sara Iyer,2026-02-13,1,516,Strength
1067,Sara Iyer,2026-01-17,1,923,Crossfit
1067,Sara Iyer,2026-01-05,1,316,Cardio
1067,Sara Iyer,2026-02-06,1,374,Yoga
1067,Sara Iyer,2026-02-19,1,351,Cardio
1068,Aarav Mehta,2026-01-19,1,936,Cardio
1068,Aarav Mehta,2026-01-08,1,610,Zumba
1068,Aarav Mehta,2026-01-18,1,532,Strength
1068,Aarav Mehta,2026-02-18,1,966,Crossfit
1068,Aarav Mehta,2026-02-01,1,343,Strength
1068,Aarav Mehta,2026-02-19,1,322,Zumba
1068,Aarav Mehta,2026-01-11,1,850,Strength
1069,Kabir Reddy,2026-02-08,1,548,Yoga
1069,Kabir Reddy,2026-01-22,1,999,Yoga
1069,Kabir Reddy,2026-01-22,1,378,Strength
1069,Kabir Reddy,2026-02-08,1,753,Strength
1069,Kabir Reddy,2026-01-06,1,773,Yoga
1069,Kabir Reddy,2026-01-01,1,721,Yoga
1070,Arjun Reddy,2026-02-08,1,431,Cardio
1070,Arjun Reddy,2026-01-11,1,313,Zumba
1070,Arjun Reddy,2026-02-12,1,727,Yoga
1070,Arjun Reddy,2026-02-07,1,412,Crossfit
1070,Arjun Reddy,2026-01-27,1,615,Yoga
1070,Arjun Reddy,2026-01-02,1,477,Cardio
1070,Arjun Reddy,2026-02-27,1,872,Strength
1070,Arjun Reddy,2026-02-26,1,434,Yoga
1070,Arjun Reddy,2026-01-20,1,399,Strength
1071,Reyansh Sharma,2026-01-17,1,911,Cardio
1071,Reyansh Sharma,2026-02-23,1,922,Crossfit
1071,Reyansh Sharma,2026-02-23,1,650,Strength
1071,Reyansh Sharma,2026-01-23,1,315,Yoga
1071,Reyansh Sharma,2026-01-06,1,780,Cardio
1071,Reyansh Sharma,2026-01-20,1,675,Yoga
1071,Reyansh Sharma,2026-02-01,1,303,Zumba
1072,Kabir Nair,2026-01-19,1,627,Strength
1072,Kabir Nair,2026-01-18,1,440,Cardio
1072,Kabir Nair,2026-02-22,1,370,Zumba
1072,Kabir Nair,2026-02-21,1,503,Zumba
1072,Kabir Nair,2026-02-09,1,749,Yoga
1072,Kabir Nair,2026-01-18,1,652,Cardio
1072,Kabir Nair,2026-02-01,1,902,Strength
1072,Kabir Nair,2026-02-17,1,457,Yoga
1073,Vivaan Patel,2026-01-07,1,540,Crossfit
1073,Vivaan Patel,2026-02-09,1,831,Zumba
1073,Vivaan Patel,2026-02-07,1,640,Zumba
1073,Vivaan Patel,2026-03-01,1,903,Cardio
1073,Vivaan Patel,2026-02-11,1,824,Strength
1073,Vivaan Patel,2026-02-16,1,413,Zumba
1073,Vivaan Patel,2026-02-27,1,357,Cardio
1074,Kiara Reddy,2026-01-02,1,578,Zumba
1074,Kiara Reddy,2026-02-18,1,764,Crossfit
1074,Kiara Reddy,2026-02-09,1,856,Zumba
1074,Kiara Reddy,2026-01-01,1,815,Crossfit
1074,Kiara Reddy,2026-01-07,1,716,Strength
1074,Kiara Reddy,2026-02-22,1,547,Yoga
1074,Kiara Reddy,2026-01-02,1,517,Zumba
1074,Kiara Reddy,2026-02-11,1,536,Zumba
1075,Aarav Nair,2026-02-28,1,410,Cardio
1075,Aarav Nair,2026-02-09,1,360,Yoga
1075,Aarav Nair,2026-01-23,1,529,Strength
1075,Aarav Nair,2026-02-22,1,340,Zumba
1075,Aarav Nair,2026-02-25,1,540,Yoga
1075,Aarav Nair,2026-01-30,1,356,Strength
1075,Aarav Nair,2026-02-23,1,987,Strength
1075,Aarav Nair,2026-01-22,1,676,Cardio
1075,Aarav Nair,2026-02-20,1,346,Strength
1076,Karan Iyer,2026-02-06,1,373,Zumba
1076,Karan Iyer,2026-01-11,1,859,Yoga
1076,Karan Iyer,2026-02-16,1,824,Zumba
1076,Karan Iyer,2026-01-04,1,587,Zumba
1076,Karan Iyer,2026-01-28,1,904,Strength
1076,Karan Iyer,2026-02-26,1,832,Yoga
1077,Anika Gupta,2026-02-07,1,820,Cardio
1077,Anika Gupta,2026-02-16,1,853,Strength
1077,Anika Gupta,2026-02-05,1,771,Yoga
1077,Anika Gupta,2026-02-22,1,632,Zumba
1077,Anika Gupta,2026-02-09,1,985,Yoga
1077,Anika Gupta,2026-01-24,1,876,Yoga
1077,Anika Gupta,2026-02-16,1,941,Yoga
1077,Anika Gupta,2026-01-15,1,938,Strength
1078,Aadhya Patel,2026-01-17,1,515,Cardio
1078,Aadhya Patel,2026-01-15,1,823,Zumba
1078,Aadhya Patel,2026-02-08,1,665,Strength
1078,Aadhya Patel,2026-01-01,1,384,Strength
1078,Aadhya Patel,2026-01-26,1,867,Strength
1079,Dhruv Nair,2026-01-27,1,432,Cardio
1079,Dhruv Nair,2026-02-10,1,989,Zumba
1079,Dhruv Nair,2026-01-01,1,328,Strength
1079,Dhruv Nair,2026-01-11,1,408,Cardio
1079,Dhruv Nair,2026-01-09,1,375,Cardio
1079,Dhruv Nair,2026-01-09,1,682,Yoga
1079,Dhruv Nair,2026-02-09,1,561,Crossfit
1079,Dhruv Nair,2026-01-27,1,433,Crossfit
1079,Dhruv Nair,2026-02-14,1,505,Cardio
1080,Dhruv Nair,2026-01-31,1,501,Cardio
1080,Dhruv Nair,2026-02-27,1,648,Cardio
1080,Dhruv Nair,2026-01-26,1,604,Yoga
1080,Dhruv Nair,2026-01-16,1,545,Crossfit
1080,Dhruv Nair,2026-02-24,1,399,Yoga
1080,Dhruv Nair,2026-02-06,1,988,Cardio
1081,Aadhya Kapoor,2026-02-11,1,301,Yoga
1081,Aadhya Kapoor,2026-02-18,1,395,Crossfit
1081,Aadhya Kapoor,2026-02-18,1,633,Yoga
1081,Aadhya Kapoor,2026-01-08,1,683,Zumba
1081,Aadhya Kapoor,2026-01-26,1,650,Yoga
1081,Aadhya Kapoor,2026-01-23,1,406,Crossfit
1081,Aadhya Kapoor,2026-02-25,1,403,Yoga
1081,Aadhya Kapoor,2026-01-26,1,967,Strength
1081,Aadhya Kapoor,2026-01-28,1,575,Zumba
1081,Aadhya Kapoor,2026-02-25,1,955,Yoga
1082,Atharv Kapoor,2026-02-14,1,837,Cardio
1082,Atharv Kapoor,2026-01-04,1,763,Strength
1082,Atharv Kapoor,2026-02-22,1,620,Yoga
1082,Atharv Kapoor,2026-01-08,1,661,Strength
1082,Atharv Kapoor,2026-01-20,1,330,Cardio
1083,Sai Verma,2026-02-23,1,508,Cardio
1083,Sai Verma,2026-02-17,1,429,Yoga
1083,Sai Verma,2026-01-23,1,558,Zumba
1083,Sai Verma,2026-01-24,1,854,Zumba
1083,Sai Verma,2026-01-04,1,518,Cardio
1083,Sai Verma,2026-01-06,1,639,Crossfit
1083,Sai Verma,2026-02-10,1,413,Strength
1083,Sai Verma,2026-01-10,1,960,Strength
1084,Vihaan Nair,2026-02-09,1,878,Cardio
1084,Vihaan Nair,2026-01-26,1,488,Yoga
1084,Vihaan Nair,2026-02-06,1,582,Crossfit
1084,Vihaan Nair,2026-02-22,1,601,Cardio
1084,Vihaan Nair,2026-02-06,1,598,Crossfit
1084,Vihaan Nair,2026-02-12,1,717,Zumba
1084,Vihaan Nair,2026-01-24,1,456,Crossfit
1084,Vihaan Nair,2026-02-27,1,532,Zumba
1084,Vihaan Nair,2026-01-01,1,618,Yoga
1085,Ritvik Mehta,2026-01-22,1,783,Crossfit
1085,Ritvik Mehta,2026-02-16,1,362,Zumba
1085,Ritvik Mehta,2026-01-07,1,509,Cardio
1085,Ritvik Mehta,2026-01-07,1,360,Strength
1085,Ritvik Mehta,2026-02-22,1,948,Yoga
1086,Krishna Joshi,2026-02-25,1,774,Yoga
1086,Krishna Joshi,2026-01-28,1,355,Crossfit
1086,Krishna Joshi,2026-02-11,1,419,Cardio
1086,Krishna Joshi,2026-01-31,1,886,Yoga
1086,Krishna Joshi,2026-02-20,1,962,Strength
1086,Krishna Joshi,2026-02-09,1,953,Strength
1086,Krishna Joshi,2026-02-04,1,474,Crossfit
1086,Krishna Joshi,2026-01-05,1,627,Zumba
1086,Krishna Joshi,2026-02-25,1,403,Crossfit
1086,Krishna Joshi,2026-01-29,1,919,Strength
1087,Navya Gupta,2026-01-11,1,411,Yoga
1087,Navya Gupta,2026-02-24,1,794,Zumba
1087,Navya Gupta,2026-01-20,1,869,Zumba
1087,Navya Gupta,2026-01-14,1,869,Crossfit
1087,Navya Gupta,2026-02-01,1,398,Cardio
1087,Navya Gupta,2026-02-03,1,861,Cardio
1087,Navya Gupta,2026-02-03,1,517,Strength
1088,Vivaan Nair,2026-01-01,1,541,Strength
1088,Vivaan Nair,2026-02-08,1,967,Cardio
1088,Vivaan Nair,2026-01-09,1,891,Crossfit
1088,Vivaan Nair,2026-01-08,1,581,Yoga
1088,Vivaan Nair,2026-01-03,1,341,Crossfit
1088,Vivaan Nair,2026-01-20,1,964,Strength
1088,Vivaan Nair,2026-02-03,1,996,Zumba
1088,Vivaan Nair,2026-01-12,1,671,Zumba
1089,Sai Sharma,2026-02-24,1,389,Yoga
1089,Sai Sharma,2026-01-22,1,957,Crossfit
1089,Sai Sharma,2026-01-01,1,686,Cardio
1089,Sai Sharma,2026-02-17,1,753,Cardio
1089,Sai Sharma,2026-02-21,1,675,Yoga
1089,Sai Sharma,2026-02-07,1,854,Crossfit
1089,Sai Sharma,2026-02-25,1,370,Cardio
1089,Sai Sharma,2026-01-06,1,380,Crossfit
1089,Sai Sharma,2026-02-28,1,754,Strength
1090,Vivaan Nair,2026-01-22,1,435,Crossfit
1090,Vivaan Nair,2026-01-13,1,390,Strength
1090,Vivaan Nair,2026-01-15,1,916,Zumba
1090,Vivaan Nair,2026-02-06,1,466,Crossfit
1090,Vivaan Nair,2026-01-14,1,597,Yoga
1091,Ved Sharma,2026-01-03,1,521,Zumba
1091,Ved Sharma,2026-02-11,1,672,Yoga
1091,Ved Sharma,2026-02-10,1,314,Yoga
1091,Ved Sharma,2026-01-06,1,515,Crossfit
1091,Ved Sharma,2026-02-09,1,467,Yoga
1091,Ved Sharma,2026-02-16,1,877,Zumba
1091,Ved Sharma,2026-02-18,1,530,Crossfit
1092,Atharv Gupta,2026-02-15,1,857,Cardio
1092,Atharv Gupta,2026-01-09,1,912,Strength
1092,Atharv Gupta,2026-02-24,1,645,Zumba
1092,Atharv Gupta,2026-01-18,1,521,Cardio
1092,Atharv Gupta,2026-01-15,1,842,Zumba
1092,Atharv Gupta,2026-01-28,1,477,Cardio
1092,Atharv Gupta,2026-01-21,1,943,Cardio
1093,Arnav Nair,2026-01-31,1,760,Cardio
1093,Arnav Nair,2026-02-28,1,953,Zumba
1093,Arnav Nair,2026-01-23,1,759,Yoga
1093,Arnav Nair,2026-01-15,1,484,Cardio
1093,Arnav Nair,2026-02-22,1,476,Crossfit
1094,Diya Mehta,2026-01-20,1,815,Cardio
1094,Diya Mehta,2026-02-16,1,533,Zumba
1094,Diya Mehta,2026-02-23,1,887,Crossfit
1094,Diya Mehta,2026-01-10,1,315,Crossfit
1094,Diya Mehta,2026-01-26,1,481,Crossfit
1094,Diya Mehta,2026-01-02,1,874,Strength
1094,Diya Mehta,2026-02-23,1,621,Crossfit
1094,Diya Mehta,2026-02-17,1,583,Strength
1094,Diya Mehta,2026-01-05,1,325,Yoga
1094,Diya Mehta,2026-02-19,1,414,Zumba
1095,Vivaan Iyer,2026-02-10,1,755,Yoga
1095,Vivaan Iyer,2026-01-09,1,480,Yoga
1095,Vivaan Iyer,2026-02-09,1,515,Crossfit
1095,Vivaan Iyer,2026-02-28,1,416,Crossfit
1095,Vivaan Iyer,2026-01-18,1,788,Cardio
1095,Vivaan Iyer,2026-02-27,1,736,Crossfit
1096,Kiara Reddy,2026-01-03,1,373,Zumba
1096,Kiara Reddy,2026-02-22,1,934,Crossfit
1096,Kiara Reddy,2026-02-19,1,443,Crossfit
1096,Kiara Reddy,2026-01-19,1,988,Cardio
1096,Kiara Reddy,2026-01-06,1,330,Strength
1096,Kiara Reddy,2026-01-30,1,963,Yoga
1096,Kiara Reddy,2026-02-07,1,524,Zumba
1096,Kiara Reddy,2026-02-13,1,639,Zumba
1096,Kiara Reddy,2026-01-10,1,560,Cardio
1097,Aadhya Patel,2026-01-22,1,726,Yoga
1097,Aadhya Patel,2026-02-20,1,508,Zumba
1097,Aadhya Patel,2026-01-28,1,624,Cardio
1097,Aadhya Patel,2026-01-08,1,735,Yoga
1097,Aadhya Patel,2026-01-28,1,311,Cardio
1097,Aadhya Patel,2026-01-22,1,806,Crossfit
1097,Aadhya Patel,2026-02-23,1,633,Yoga
1097,Aadhya Patel,2026-02-22,1,437,Strength
1097,Aadhya Patel,2026-02-20,1,592,Cardio
1098,Ishaan Nair,2026-01-24,1,585,Strength
1098,Ishaan Nair,2026-02-17,1,685,Yoga
1098,Ishaan Nair,2026-01-30,1,494,Yoga
1098,Ishaan Nair,2026-02-08,1,985,Zumba
1098,Ishaan Nair,2026-02-20,1,770,Cardio
1098,Ishaan Nair,2026-01-07,1,848,Cardio
1098,Ishaan Nair,2026-02-07,1,545,Cardio
1098,Ishaan Nair,2026-01-28,1,318,Crossfit
1099,Kabir Sharma,2026-02-09,1,516,Strength
1099,Kabir Sharma,2026-01-16,1,521,Zumba
1099,Kabir Sharma,2026-01-09,1,928,Zumba
1099,Kabir Sharma,2026-01-13,1,324,Yoga
1099,Kabir Sharma,2026-01-22,1,765,Zumba
1099,Kabir Sharma,2026-01-06,1,934,Zumba
1099,Kabir Sharma,2026-02-23,1,346,Crossfit
1099,Kabir Sharma,2026-01-15,1,770,Crossfit
1099,Kabir Sharma,2026-02-08,1,388,Zumba
1100,Aadhya Sharma,2026-01-23,1,564,Cardio
1100,Aadhya Sharma,2026-01-06,1,390,Zumba
1100,Aadhya Sharma,2026-02-10,1,755,Yoga
1100,Aadhya Sharma,2026-02-22,1,405,Crossfit
1100,Aadhya Sharma,2026-01-22,1,571,Crossfit
1100,Aadhya Sharma,2026-02-23,1,516,Crossfit
1100,Aadhya Sharma,2026-02-16,1,892,Strength
1100,Aadhya Sharma,2026-01-17,1,739,Crossfit
1100,Aadhya Sharma,2026-02-11,1,859,Zumba
1101,Aadhya Joshi,2026-01-05,1,726,Yoga
1101,Aadhya Joshi,2026-02-09,1,559,Crossfit
1101,Aadhya Joshi,2026-02-20,1,359,Strength
1101,Aadhya Joshi,2026-02-10,1,806,Strength
1101,Aadhya Joshi,2026-01-25,1,587,Yoga
1101,Aadhya Joshi,2026-01-25,1,415,Strength
1102,Ishaan Sharma,2026-02-04,1,647,Cardio
1102,Ishaan Sharma,2026-01-31,1,772,Zumba
1102,Ishaan Sharma,2026-02-28,1,428,Cardio
1102,Ishaan Sharma,2026-02-11,1,572,Crossfit
1102,Ishaan Sharma,2026-01-28,1,764,Crossfit
1102,Ishaan Sharma,2026-01-19,1,782,Yoga
1102,Ishaan Sharma,2026-02-08,1,858,Zumba
1103,Myra Mehta,2026-02-14,1,753,Crossfit
1103,Myra Mehta,2026-02-26,1,638,Strength
1103,Myra Mehta,2026-01-19,1,800,Strength
1103,Myra Mehta,2026-02-15,1,415,Yoga
1103,Myra Mehta,2026-01-17,1,337,Zumba
1103,Myra Mehta,2026-02-28,1,942,Strength
1103,Myra Mehta,2026-02-28,1,661,Zumba
1103,Myra Mehta,2026-02-14,1,703,Zumba
1103,Myra Mehta,2026-02-15,1,354,Crossfit
1104,Meera Nair,2026-02-26,1,740,Zumba
1104,Meera Nair,2026-01-16,1,792,Zumba
1104,Meera Nair,2026-01-12,1,352,Strength
1104,Meera Nair,2026-01-20,1,363,Cardio
1104,Meera Nair,2026-02-15,1,552,Zumba
1104,Meera Nair,2026-01-18,1,939,Crossfit
1104,Meera Nair,2026-01-13,1,371,Strength
1105,Ved Reddy,2026-02-16,1,899,Strength
1105,Ved Reddy,2026-02-07,1,705,Yoga
1105,Ved Reddy,2026-01-28,1,844,Yoga
1105,Ved Reddy,2026-01-29,1,637,Yoga
1105,Ved Reddy,2026-01-30,1,785,Zumba
1105,Ved Reddy,2026-02-08,1,804,Crossfit
1106,Muhammad Nair,2026-02-23,1,615,Strength
1106,Muhammad Nair,2026-01-21,1,523,Cardio
1106,Muhammad Nair,2026-01-04,1,943,Cardio
1106,Muhammad Nair,2026-02-26,1,334,Strength
1106,Muhammad Nair,2026-02-17,1,367,Zumba
1106,Muhammad Nair,2026-01-20,1,363,Crossfit
1107,Arnav Patel,2026-02-16,1,766,Crossfit
1107,Arnav Patel,2026-01-29,1,344,Cardio
1107,Arnav Patel,2026-01-03,1,562,Cardio
1107,Arnav Patel,2026-02-22,1,304,Strength
1107,Arnav Patel,2026-02-13,1,554,Zumba
1108,Atharv Mehta,2026-02-04,1,695,Yoga
1108,Atharv Mehta,2026-01-01,1,309,Strength
1108,Atharv Mehta,2026-01-15,1,794,Strength
1108,Atharv Mehta,2026-02-27,1,636,Crossfit
1108,Atharv Mehta,2026-02-01,1,350,Yoga
1108,Atharv Mehta,2026-02-10,1,334,Zumba
1108,Atharv Mehta,2026-02-27,1,598,Strength
1108,Atharv Mehta,2026-01-28,1,646,Crossfit
1108,Atharv Mehta,2026-03-01,1,808,Zumba
1108,Atharv Mehta,2026-02-25,1,488,Yoga
1109,Ishaan Verma,2026-01-22,1,701,Yoga
1109,Ishaan Verma,2026-01-07,1,330,Crossfit
1109,Ishaan Verma,2026-02-12,1,924,Zumba
1109,Ishaan Verma,2026-01-11,1,517,Zumba
1109,Ishaan Verma,2026-02-23,1,610,Cardio
1109,Ishaan Verma,2026-01-15,1,331,Yoga
1109,Ishaan Verma,2026-02-06,1,325,Crossfit
1110,Atharv Sharma,2026-01-08,1,972,Zumba
1110,Atharv Sharma,2026-02-19,1,971,Zumba
1110,Atharv Sharma,2026-02-09,1,300,Zumba
1110,Atharv Sharma,2026-02-03,1,605,Crossfit
1110,Atharv Sharma,2026-02-02,1,904,Strength
1110,Atharv Sharma,2026-01-23,1,926,Cardio
1110,Atharv Sharma,2026-01-26,1,618,Crossfit
1111,Krishna Gupta,2026-02-07,1,677,Crossfit
1111,Krishna Gupta,2026-02-14,1,775,Cardio
1111,Krishna Gupta,2026-01-25,1,847,Zumba
1111,Krishna Gupta,2026-02-09,1,373,Crossfit
1111,Krishna Gupta,2026-01-25,1,563,Strength
1111,Krishna Gupta,2026-02-27,1,844,Yoga
1111,Krishna Gupta,2026-02-05,1,833,Cardio
1111,Krishna Gupta,2026-02-12,1,372,Zumba
1112,Krishna Mehta,2026-02-10,1,405,Zumba
1112,Krishna Mehta,2026-02-11,1,881,Cardio
1112,Krishna Mehta,2026-01-30,1,385,Strength
1112,Krishna Mehta,2026-02-25,1,373,Yoga
1112,Krishna Mehta,2026-02-04,1,668,Yoga
1112,Krishna Mehta,2026-02-03,1,337,Strength
1112,Krishna Mehta,2026-01-23,1,681,Zumba
1113,Ved Patel,2026-01-02,1,735,Strength
1113,Ved Patel,2026-01-12,1,912,Crossfit
1113,Ved Patel,2026-01-03,1,933,Cardio
1113,Ved Patel,2026-01-21,1,677,Zumba
1113,Ved Patel,2026-01-24,1,852,Zumba
1113,Ved Patel,2026-02-23,1,634,Crossfit
1113,Ved Patel,2026-01-22,1,544,Strength
1113,Ved Patel,2026-02-26,1,413,Cardio
1113,Ved Patel,2026-02-07,1,589,Zumba
1113,Ved Patel,2026-02-12,1,537,Strength
1114,Ayaan Iyer,2026-01-04,1,948,Strength
1114,Ayaan Iyer,2026-02-22,1,718,Yoga
1114,Ayaan Iyer,2026-01-17,1,776,Strength
1114,Ayaan Iyer,2026-02-11,1,309,Crossfit
1114,Ayaan Iyer,2026-01-15,1,716,Crossfit
1114,Ayaan Iyer,2026-01-05,1,508,Crossfit
1114,Ayaan Iyer,2026-02-28,1,581,Strength
1115,Shaurya Joshi,2026-02-27,1,852,Yoga
1115,Shaurya Joshi,2026-02-24,1,755,Zumba
1115,Shaurya Joshi,2026-02-04,1,547,Strength
1115,Shaurya Joshi,2026-01-06,1,645,Strength
1115,Shaurya Joshi,2026-01-19,1,942,Crossfit
1115,Shaurya Joshi,2026-01-15,1,641,Yoga
1115,Shaurya Joshi,2026-01-02,1,310,Zumba
1116,Karan Verma,2026-01-09,1,749,Zumba
1116,Karan Verma,2026-01-29,1,987,Crossfit
1116,Karan Verma,2026-01-02,1,977,Crossfit
1116,Karan Verma,2026-01-09,1,330,Strength
1116,Karan Verma,2026-01-29,1,793,Zumba
1116,Karan Verma,2026-01-26,1,986,Zumba
1116,Karan Verma,2026-02-01,1,540,Crossfit
1116,Karan Verma,2026-02-05,1,465,Yoga
1116,Karan Verma,2026-02-27,1,342,Crossfit
1116,Karan Verma,2026-02-14,1,351,Strength
1117,Reyansh Gupta,2026-01-09,1,929,Cardio
1117,Reyansh Gupta,2026-01-09,1,500,Crossfit
1117,Reyansh Gupta,2026-01-19,1,485,Zumba
1117,Reyansh Gupta,2026-01-13,1,963,Zumba
1117,Reyansh Gupta,2026-01-30,1,340,Crossfit
1117,Reyansh Gupta,2026-01-09,1,505,Cardio
1117,Reyansh Gupta,2026-02-13,1,859,Zumba
1117,Reyansh Gupta,2026-02-16,1,458,Zumba
1117,Reyansh Gupta,2026-01-13,1,969,Yoga
1118,Navya Verma,2026-01-18,1,729,Yoga
1118,Navya Verma,2026-01-16,1,581,Yoga
1118,Navya Verma,2026-02-13,1,659,Zumba
1118,Navya Verma,2026-01-13,1,323,Yoga
1118,Navya Verma,2026-02-17,1,962,Yoga
1118,Navya Verma,2026-02-18,1,540,Cardio
1118,Navya Verma,2026-01-10,1,376,Cardio
1119,Anika Verma,2026-02-15,1,963,Strength
1119,Anika Verma,2026-01-22,1,534,Cardio
1119,Anika Verma,2026-01-17,1,904,Zumba
1119,Anika Verma,2026-02-11,1,743,Crossfit
1119,Anika Verma,2026-01-02,1,410,Cardio
1119,Anika Verma,2026-02-14,1,585,Zumba
1120,Meera Mehta,2026-02-15,1,378,Crossfit
1120,Meera Mehta,2026-01-19,1,885,Yoga
1120,Meera Mehta,2026-01-13,1,868,Crossfit
1120,Meera Mehta,2026-02-20,1,715,Cardio
1120,Meera Mehta,2026-01-16,1,905,Yoga
1120,Meera Mehta,2026-03-01,1,364,Strength
1120,Meera Mehta,2026-01-20,1,858,Crossfit
1120,Meera Mehta,2026-02-01,1,353,Crossfit
1120,Meera Mehta,2026-02-01,1,520,Crossfit
1121,Sara Nair,2026-01-05,1,830,Yoga
1121,Sara Nair,2026-01-13,1,633,Yoga
1121,Sara Nair,2026-01-09,1,820,Strength
1121,Sara Nair,2026-01-15,1,478,Strength
1121,Sara Nair,2026-01-07,1,967,Strength
1121,Sara Nair,2026-02-01,1,794,Strength
1121,Sara Nair,2026-01-19,1,877,Cardio
1122,Ananya Joshi,2026-02-02,1,989,Crossfit
1122,Ananya Joshi,2026-02-25,1,510,Crossfit
1122,Ananya Joshi,2026-02-25,1,910,Crossfit
1122,Ananya Joshi,2026-02-19,1,671,Yoga
1122,Ananya Joshi,2026-02-21,1,897,Cardio
1122,Ananya Joshi,2026-01-03,1,637,Crossfit
1122,Ananya Joshi,2026-01-23,1,492,Strength
1123,Aadhya Patel,2026-01-30,1,713,Cardio
1123,Aadhya Patel,2026-02-15,1,440,Crossfit
1123,Aadhya Patel,2026-01-23,1,481,Yoga
1123,Aadhya Patel,2026-01-23,1,372,Strength
1123,Aadhya Patel,2026-03-01,1,988,Crossfit
1123,Aadhya Patel,2026-02-01,1,364,Cardio
1123,Aadhya Patel,2026-02-28,1,790,Crossfit
1123,Aadhya Patel,2026-01-15,1,860,Strength
1123,Aadhya Patel,2026-01-07,1,858,Yoga
1123,Aadhya Patel,2026-01-04,1,810,Crossfit
1124,Meera Mehta,2026-01-30,1,604,Zumba
1124,Meera Mehta,2026-02-17,1,849,Crossfit
1124,Meera Mehta,2026-02-22,1,494,Yoga
1124,Meera Mehta,2026-02-11,1,958,Yoga
1124,Meera Mehta,2026-01-19,1,385,Zumba
1124,Meera Mehta,2026-01-25,1,934,Cardio
1125,Aarav Iyer,2026-02-12,1,616,Zumba
1125,Aarav Iyer,2026-02-06,1,891,Zumba
1125,Aarav Iyer,2026-01-29,1,945,Crossfit
1125,Aarav Iyer,2026-02-20,1,713,Cardio
1125,Aarav Iyer,2026-01-28,1,575,Cardio
1125,Aarav Iyer,2026-01-28,1,809,Strength
1125,Aarav Iyer,2026-01-29,1,847,Crossfit
1125,Aarav Iyer,2026-01-25,1,453,Crossfit
1126,Kiara Iyer,2026-02-01,1,925,Yoga
1126,Kiara Iyer,2026-01-24,1,358,Crossfit
1126,Kiara Iyer,2026-02-20,1,911,Cardio
1126,Kiara Iyer,2026-02-21,1,960,Cardio
1126,Kiara Iyer,2026-01-20,1,685,Cardio
1126,Kiara Iyer,2026-02-21,1,424,Cardio
1126,Kiara Iyer,2026-02-16,1,891,Zumba
1126,Kiara Iyer,2026-01-11,1,319,Crossfit
1126,Kiara Iyer,2026-02-23,1,449,Yoga
1126,Kiara Iyer,2026-01-25,1,344,Zumba
1127,Ved Nair,2026-01-31,1,769,Strength
1127,Ved Nair,2026-01-31,1,909,Yoga
1127,Ved Nair,2026-01-13,1,933,Zumba
1127,Ved Nair,2026-01-12,1,563,Zumba
1127,Ved Nair,2026-01-12,1,597,Crossfit
1128,Vihaan Patel,2026-01-14,1,636,Cardio
1128,Vihaan Patel,2026-01-13,1,727,Zumba
1128,Vihaan Patel,2026-01-20,1,805,Cardio
1128,Vihaan Patel,2026-02-23,1,916,Crossfit
1128,Vihaan Patel,2026-01-22,1,308,Crossfit
1128,Vihaan Patel,2026-02-20,1,562,Strength
1129,Ira Kapoor,2026-02-17,1,880,Crossfit
1129,Ira Kapoor,2026-01-19,1,628,Zumba
1129,Ira Kapoor,2026-02-22,1,986,Crossfit
1129,Ira Kapoor,2026-01-04,1,940,Zumba
1129,Ira Kapoor,2026-02-16,1,465,Zumba
1129,Ira Kapoor,2026-01-05,1,622,Strength
1129,Ira Kapoor,2026-01-14,1,987,Yoga
1129,Ira Kapoor,2026-01-09,1,395,Crossfit
1129,Ira Kapoor,2026-03-01,1,452,Cardio
1130,Reyansh Gupta,2026-01-27,1,871,Strength
1130,Reyansh Gupta,2026-02-28,1,594,Cardio
1130,Reyansh Gupta,2026-02-05,1,680,Strength
1130,Reyansh Gupta,2026-01-13,1,944,Strength
1130,Reyansh Gupta,2026-01-30,1,565,Strength
1130,Reyansh Gupta,2026-01-03,1,622,Strength
1130,Reyansh Gupta,2026-01-12,1,849,Yoga
1130,Reyansh Gupta,2026-01-18,1,861,Strength
1130,Reyansh Gupta,2026-01-27,1,480,Crossfit
1131,Vihaan Gupta,2026-02-07,1,567,Crossfit
1131,Vihaan Gupta,2026-02-05,1,474,Zumba
1131,Vihaan Gupta,2026-01-12,1,648,Strength
1131,Vihaan Gupta,2026-01-09,1,758,Strength
1131,Vihaan Gupta,2026-01-13,1,985,Crossfit
1131,Vihaan Gupta,2026-01-31,1,398,Crossfit
1132,Karan Mehta,2026-01-11,1,435,Cardio
1132,Karan Mehta,2026-02-14,1,623,Zumba
1132,Karan Mehta,2026-02-06,1,328,Cardio
1132,Karan Mehta,2026-01-31,1,356,Strength
1132,Karan Mehta,2026-01-01,1,757,Cardio
1132,Karan Mehta,2026-02-28,1,622,Strength
1132,Karan Mehta,2026-02-05,1,549,Yoga
1132,Karan Mehta,2026-01-05,1,900,Zumba
1132,Karan Mehta,2026-01-21,1,422,Zumba
1132,Karan Mehta,2026-01-28,1,503,Strength
1133,Vivaan Gupta,2026-01-24,1,953,Strength
1133,Vivaan Gupta,2026-01-09,1,482,Yoga
1133,Vivaan Gupta,2026-02-27,1,681,Zumba
1133,Vivaan Gupta,2026-02-24,1,857,Cardio
1133,Vivaan Gupta,2026-01-29,1,323,Crossfit
1133,Vivaan Gupta,2026-01-13,1,703,Strength
1133,Vivaan Gupta,2026-01-09,1,362,Strength
1133,Vivaan Gupta,2026-02-12,1,374,Strength
1133,Vivaan Gupta,2026-01-30,1,480,Strength
1134,Sai Nair,2026-01-08,1,801,Cardio
1134,Sai Nair,2026-02-03,1,481,Crossfit
1134,Sai Nair,2026-02-27,1,688,Strength
1134,Sai Nair,2026-02-22,1,413,Yoga
1134,Sai Nair,2026-02-25,1,721,Zumba
1134,Sai Nair,2026-01-08,1,341,Zumba
1134,Sai Nair,2026-02-21,1,363,Crossfit
1134,Sai Nair,2026-01-05,1,610,Cardio
1134,Sai Nair,2026-01-01,1,494,Yoga
1134,Sai Nair,2026-01-21,1,873,Strength
1135,Ira Mehta,2026-01-12,1,933,Crossfit
1135,Ira Mehta,2026-02-05,1,787,Crossfit
1135,Ira Mehta,2026-02-27,1,394,Crossfit
1135,Ira Mehta,2026-01-04,1,446,Strength
1135,Ira Mehta,2026-02-28,1,533,Yoga
1135,Ira Mehta,2026-02-06,1,606,Strength
1135,Ira Mehta,2026-02-14,1,541,Strength
1135,Ira Mehta,2026-01-20,1,524,Yoga
1136,Myra Reddy,2026-02-24,1,706,Cardio
1136,Myra Reddy,2026-02-19,1,694,Strength
1136,Myra Reddy,2026-02-02,1,986,Cardio
1136,Myra Reddy,2026-01-04,1,702,Zumba
1136,Myra Reddy,2026-02-04,1,593,Crossfit
1136,Myra Reddy,2026-01-27,1,887,Cardio
1136,Myra Reddy,2026-01-23,1,849,Zumba
1136,Myra Reddy,2026-02-19,1,975,Cardio
1136,Myra Reddy,2026-01-20,1,335,Cardio
1137,Ved Reddy,2026-01-26,1,375,Cardio
1137,Ved Reddy,2026-01-25,1,770,Cardio
1137,Ved Reddy,2026-02-16,1,1000,Yoga
1137,Ved Reddy,2026-01-13,1,348,Yoga
1137,Ved Reddy,2026-01-08,1,657,Yoga
1137,Ved Reddy,2026-02-19,1,982,Strength
1137,Ved Reddy,2026-01-31,1,564,Zumba
1137,Ved Reddy,2026-01-02,1,738,Yoga
1138,Kabir Iyer,2026-02-22,1,587,Yoga
1138,Kabir Iyer,2026-02-03,1,600,Strength
1138,Kabir Iyer,2026-01-31,1,669,Crossfit
1138,Kabir Iyer,2026-01-03,1,503,Cardio
1138,Kabir Iyer,2026-01-21,1,864,Cardio
1138,Kabir Iyer,2026-02-19,1,859,Zumba
1139,Sara Kapoor,2026-01-12,1,691,Zumba
1139,Sara Kapoor,2026-01-06,1,766,Zumba
1139,Sara Kapoor,2026-02-23,1,425,Yoga
1139,Sara Kapoor,2026-02-12,1,424,Zumba
1139,Sara Kapoor,2026-01-20,1,710,Strength
1139,Sara Kapoor,2026-02-06,1,837,Cardio
1139,Sara Kapoor,2026-01-23,1,329,Strength
1140,Krishna Patel,2026-02-22,1,576,Zumba
1140,Krishna Patel,2026-01-14,1,368,Cardio
1140,Krishna Patel,2026-02-02,1,948,Cardio
1140,Krishna Patel,2026-02-19,1,424,Yoga
1140,Krishna Patel,2026-01-03,1,500,Yoga
1140,Krishna Patel,2026-02-23,1,743,Strength
1140,Krishna Patel,2026-02-22,1,665,Zumba
1140,Krishna Patel,2026-02-04,1,389,Crossfit
1141,Ayaan Reddy,2026-01-19,1,458,Yoga
1141,Ayaan Reddy,2026-01-23,1,860,Yoga
1141,Ayaan Reddy,2026-01-29,1,340,Zumba
1141,Ayaan Reddy,2026-02-06,1,608,Zumba
1141,Ayaan Reddy,2026-01-16,1,713,Zumba
1141,Ayaan Reddy,2026-01-14,1,577,Zumba
1141,Ayaan Reddy,2026-01-12,1,946,Zumba
1141,Ayaan Reddy,2026-01-24,1,717,Yoga
1142,Kiara Iyer,2026-01-15,1,955,Strength
1142,Kiara Iyer,2026-02-01,1,837,Zumba
1142,Kiara Iyer,2026-02-06,1,895,Zumba
1142,Kiara Iyer,2026-01-09,1,570,Zumba
1142,Kiara Iyer,2026-02-08,1,838,Zumba
1142,Kiara Iyer,2026-01-27,1,764,Strength
1142,Kiara Iyer,2026-02-24,1,823,Cardio
1143,Sai Patel,2026-01-24,1,588,Zumba
1143,Sai Patel,2026-01-23,1,585,Crossfit
1143,Sai Patel,2026-01-16,1,351,Zumba
1143,Sai Patel,2026-02-26,1,679,Zumba
1143,Sai Patel,2026-02-03,1,522,Crossfit
1143,Sai Patel,2026-02-19,1,758,Crossfit
1143,Sai Patel,2026-02-15,1,457,Yoga
1143,Sai Patel,2026-02-12,1,658,Strength
1144,Karan Joshi,2026-02-07,1,913,Zumba
1144,Karan Joshi,2026-02-24,1,766,Strength
1144,Karan Joshi,2026-01-28,1,467,Cardio
1144,Karan Joshi,2026-02-08,1,414,Strength
1144,Karan Joshi,2026-02-13,1,729,Cardio
1144,Karan Joshi,2026-01-09,1,900,Crossfit
1144,Karan Joshi,2026-02-21,1,649,Crossfit
1144,Karan Joshi,2026-02-09,1,836,Strength
1144,Karan Joshi,2026-01-31,1,366,Cardio
1145,Muhammad Verma,2026-02-03,1,801,Yoga
1145,Muhammad Verma,2026-02-20,1,907,Cardio
1145,Muhammad Verma,2026-02-14,1,445,Yoga
1145,Muhammad Verma,2026-01-18,1,425,Crossfit
1145,Muhammad Verma,2026-01-20,1,521,Yoga
1145,Muhammad Verma,2026-01-22,1,903,Strength
1145,Muhammad Verma,2026-02-05,1,473,Cardio
1146,Diya Gupta,2026-01-09,1,304,Yoga
1146,Diya Gupta,2026-01-22,1,456,Zumba
1146,Diya Gupta,2026-02-21,1,870,Yoga
1146,Diya Gupta,2026-02-02,1,409,Cardio
1146,Diya Gupta,2026-02-28,1,369,Zumba
1147,Rohan Nair,2026-01-21,1,647,Yoga
1147,Rohan Nair,2026-01-15,1,923,Crossfit
1147,Rohan Nair,2026-02-28,1,932,Zumba
1147,Rohan Nair,2026-02-28,1,861,Crossfit
1147,Rohan Nair,2026-01-18,1,785,Yoga
1147,Rohan Nair,2026-01-28,1,570,Crossfit
1147,Rohan Nair,2026-01-27,1,717,Strength
1147,Rohan Nair,2026-02-17,1,560,Zumba
1148,Diya Nair,2026-02-18,1,392,Cardio
1148,Diya Nair,2026-02-02,1,320,Yoga
1148,Diya Nair,2026-01-04,1,535,Yoga
1148,Diya Nair,2026-01-19,1,542,Cardio
1148,Diya Nair,2026-01-13,1,423,Zumba
1148,Diya Nair,2026-02-19,1,880,Zumba
1149,Ira Joshi,2026-01-16,1,816,Zumba
1149,Ira Joshi,2026-02-14,1,820,Zumba
1149,Ira Joshi,2026-01-22,1,836,Yoga
1149,Ira Joshi,2026-02-13,1,358,Crossfit
1149,Ira Joshi,2026-01-03,1,416,Strength
1150,Arnav Verma,2026-02-22,1,838,Zumba
1150,Arnav Verma,2026-01-07,1,731,Crossfit
1150,Arnav Verma,2026-01-22,1,507,Yoga
1150,Arnav Verma,2026-02-27,1,506,Zumba
1150,Arnav Verma,2026-02-18,1,460,Cardio
1150,Arnav Verma,2026-01-11,1,372,Yoga
1150,Arnav Verma,2026-01-11,1,521,Cardio
1150,Arnav Verma,2026-01-14,1,528,Cardio
1151,Rohan Iyer,2026-01-29,1,887,Cardio
1151,Rohan Iyer,2026-02-23,1,463,Cardio
1151,Rohan Iyer,2026-02-11,1,373,Strength
1151,Rohan Iyer,2026-01-28,1,497,Crossfit
1151,Rohan Iyer,2026-02-26,1,419,Yoga
1152,Shaurya Reddy,2026-02-25,1,785,Cardio
1152,Shaurya Reddy,2026-01-22,1,694,Zumba
1152,Shaurya Reddy,2026-01-11,1,650,Zumba
1152,Shaurya Reddy,2026-01-02,1,386,Strength
1152,Shaurya Reddy,2026-02-01,1,486,Cardio
1152,Shaurya Reddy,2026-01-14,1,358,Strength
1152,Shaurya Reddy,2026-01-13,1,533,Cardio
1152,Shaurya Reddy,2026-02-12,1,570,Cardio
1153,Ritvik Reddy,2026-01-26,1,948,Strength
1153,Ritvik Reddy,2026-02-10,1,940,Crossfit
1153,Ritvik Reddy,2026-02-01,1,999,Crossfit
1153,Ritvik Reddy,2026-02-21,1,550,Cardio
1153,Ritvik Reddy,2026-02-16,1,737,Strength
1153,Ritvik Reddy,2026-01-28,1,958,Zumba
1153,Ritvik Reddy,2026-01-08,1,639,Strength
1153,Ritvik Reddy,2026-01-19,1,998,Yoga
1154,Anika Kapoor,2026-01-14,1,833,Strength
1154,Anika Kapoor,2026-01-01,1,351,Yoga
1154,Anika Kapoor,2026-02-28,1,863,Strength
1154,Anika Kapoor,2026-02-21,1,610,Strength
1154,Anika Kapoor,2026-01-04,1,570,Zumba
1154,Anika Kapoor,2026-01-26,1,561,Zumba
1155,Arjun Joshi,2026-01-01,1,419,Strength
1155,Arjun Joshi,2026-02-13,1,865,Strength
1155,Arjun Joshi,2026-01-08,1,739,Cardio
1155,Arjun Joshi,2026-02-07,1,326,Crossfit
1155,Arjun Joshi,2026-02-14,1,319,Crossfit
1156,Aadhya Kapoor,2026-01-03,1,445,Strength
1156,Aadhya Kapoor,2026-02-15,1,308,Yoga
1156,Aadhya Kapoor,2026-01-17,1,383,Zumba
1156,Aadhya Kapoor,2026-02-26,1,547,Yoga
1156,Aadhya Kapoor,2026-01-04,1,938,Zumba
1156,Aadhya Kapoor,2026-02-08,1,519,Crossfit
1156,Aadhya Kapoor,2026-02-04,1,707,Cardio
1156,Aadhya Kapoor,2026-02-22,1,684,Zumba
1156,Aadhya Kapoor,2026-01-21,1,461,Strength
1156,Aadhya Kapoor,2026-01-28,1,472,Strength
1157,Vivaan Patel,2026-02-28,1,1000,Crossfit
1157,Vivaan Patel,2026-02-14,1,967,Crossfit
1157,Vivaan Patel,2026-01-16,1,944,Yoga
1157,Vivaan Patel,2026-02-10,1,868,Cardio
1157,Vivaan Patel,2026-01-02,1,862,Crossfit
1157,Vivaan Patel,2026-01-14,1,594,Cardio
1157,Vivaan Patel,2026-01-08,1,549,Zumba
1157,Vivaan Patel,2026-01-23,1,966,Strength
1157,Vivaan Patel,2026-01-18,1,678,Crossfit
1158,Kabir Joshi,2026-01-20,1,724,Crossfit
1158,Kabir Joshi,2026-02-09,1,400,Crossfit
1158,Kabir Joshi,2026-01-05,1,459,Crossfit
1158,Kabir Joshi,2026-02-27,1,850,Cardio
1158,Kabir Joshi,2026-02-25,1,791,Cardio
1158,Kabir Joshi,2026-01-29,1,740,Crossfit
1158,Kabir Joshi,2026-01-13,1,959,Yoga
1159,Arnav Joshi,2026-01-31,1,532,Yoga
1159,Arnav Joshi,2026-02-06,1,345,Zumba
1159,Arnav Joshi,2026-02-01,1,744,Cardio
1159,Arnav Joshi,2026-01-26,1,542,Yoga
1159,Arnav Joshi,2026-02-12,1,346,Strength
1159,Arnav Joshi,2026-01-05,1,895,Yoga
1159,Arnav Joshi,2026-01-15,1,952,Yoga
1160,Kabir Patel,2026-02-07,1,919,Crossfit
1160,Kabir Patel,2026-01-28,1,676,Yoga
1160,Kabir Patel,2026-01-08,1,679,Cardio
1160,Kabir Patel,2026-01-26,1,897,Crossfit
1160,Kabir Patel,2026-01-01,1,947,Zumba
1161,Aadhya Iyer,2026-01-06,1,559,Crossfit
1161,Aadhya Iyer,2026-01-30,1,912,Yoga
1161,Aadhya Iyer,2026-01-29,1,773,Crossfit
1161,Aadhya Iyer,2026-02-16,1,733,Crossfit
1161,Aadhya Iyer,2026-02-06,1,644,Yoga
1161,Aadhya Iyer,2026-02-04,1,510,Crossfit
1161,Aadhya Iyer,2026-01-05,1,985,Crossfit
1161,Aadhya Iyer,2026-01-27,1,896,Cardio
1162,Myra Patel,2026-01-15,1,705,Yoga
1162,Myra Patel,2026-02-14,1,560,Crossfit
1162,Myra Patel,2026-01-02,1,959,Yoga
1162,Myra Patel,2026-02-03,1,345,Cardio
1162,Myra Patel,2026-01-31,1,388,Cardio
1162,Myra Patel,2026-02-20,1,572,Zumba
1163,Kabir Iyer,2026-01-26,1,401,Cardio
1163,Kabir Iyer,2026-01-21,1,944,Cardio
1163,Kabir Iyer,2026-02-15,1,902,Cardio
1163,Kabir Iyer,2026-01-02,1,367,Yoga
1163,Kabir Iyer,2026-01-30,1,747,Yoga
1163,Kabir Iyer,2026-01-30,1,832,Zumba
1163,Kabir Iyer,2026-01-27,1,384,Cardio
1163,Kabir Iyer,2026-01-26,1,862,Cardio
1164,Ritvik Kapoor,2026-02-05,1,469,Crossfit
1164,Ritvik Kapoor,2026-01-26,1,480,Yoga
1164,Ritvik Kapoor,2026-01-18,1,506,Zumba
1164,Ritvik Kapoor,2026-01-31,1,685,Strength
1164,Ritvik Kapoor,2026-01-23,1,542,Strength
1164,Ritvik Kapoor,2026-02-25,1,776,Zumba
1164,Ritvik Kapoor,2026-01-29,1,523,Strength
1164,Ritvik Kapoor,2026-01-20,1,528,Yoga
1165,Ananya Iyer,2026-01-06,1,313,Strength
1165,Ananya Iyer,2026-01-30,1,656,Crossfit
1165,Ananya Iyer,2026-02-01,1,695,Strength
1165,Ananya Iyer,2026-02-28,1,590,Cardio
1165,Ananya Iyer,2026-02-24,1,319,Cardio
1166,Aditya Kapoor,2026-01-18,1,551,Cardio
1166,Aditya Kapoor,2026-02-02,1,685,Yoga
1166,Aditya Kapoor,2026-02-05,1,664,Cardio
1166,Aditya Kapoor,2026-02-02,1,475,Crossfit
1166,Aditya Kapoor,2026-02-27,1,438,Cardio
1166,Aditya Kapoor,2026-01-21,1,811,Yoga
1166,Aditya Kapoor,2026-02-01,1,758,Cardio
1166,Aditya Kapoor,2026-02-23,1,306,Strength
1166,Aditya Kapoor,2026-02-25,1,453,Yoga
1167,Rohan Reddy,2026-03-01,1,957,Cardio
1167,Rohan Reddy,2026-01-25,1,403,Strength
1167,Rohan Reddy,2026-02-23,1,591,Zumba
1167,Rohan Reddy,2026-02-13,1,431,Strength
1167,Rohan Reddy,2026-02-13,1,737,Yoga
1167,Rohan Reddy,2026-01-10,1,915,Zumba
1167,Rohan Reddy,2026-01-13,1,795,Crossfit
1167,Rohan Reddy,2026-01-13,1,432,Zumba
1167,Rohan Reddy,2026-01-31,1,378,Strength
1168,Muhammad Gupta,2026-02-25,1,675,Crossfit
1168,Muhammad Gupta,2026-02-06,1,741,Zumba
1168,Muhammad Gupta,2026-02-16,1,784,Zumba
1168,Muhammad Gupta,2026-03-01,1,492,Yoga
1168,Muhammad Gupta,2026-02-24,1,420,Cardio
1168,Muhammad Gupta,2026-01-08,1,374,Zumba
1168,Muhammad Gupta,2026-01-26,1,722,Zumba
1168,Muhammad Gupta,2026-02-02,1,789,Cardio
1168,Muhammad Gupta,2026-02-19,1,586,Zumba
1169,Ananya Kapoor,2026-01-28,1,648,Cardio
1169,Ananya Kapoor,2026-02-10,1,901,Cardio
1169,Ananya Kapoor,2026-01-07,1,639,Yoga
1169,Ananya Kapoor,2026-01-24,1,966,Yoga
1169,Ananya Kapoor,2026-01-31,1,712,Strength
1169,Ananya Kapoor,2026-01-02,1,824,Cardio
1169,Ananya Kapoor,2026-01-12,1,585,Crossfit
1169,Ananya Kapoor,2026-02-26,1,651,Zumba
1170,Meera Joshi,2026-01-29,1,374,Yoga
1170,Meera Joshi,2026-01-26,1,374,Yoga
1170,Meera Joshi,2026-01-14,1,410,Strength
1170,Meera Joshi,2026-02-12,1,765,Crossfit
1170,Meera Joshi,2026-01-07,1,414,Cardio
1170,Meera Joshi,2026-01-21,1,864,Yoga
1171,Rohan Reddy,2026-01-17,1,788,Strength
1171,Rohan Reddy,2026-01-21,1,454,Zumba
1171,Rohan Reddy,2026-01-30,1,788,Zumba
1171,Rohan Reddy,2026-01-21,1,563,Zumba
1171,Rohan Reddy,2026-01-05,1,810,Zumba
1172,Kiara Iyer,2026-01-19,1,755,Yoga
1172,Kiara Iyer,2026-02-09,1,996,Cardio
1172,Kiara Iyer,2026-01-21,1,777,Zumba
1172,Kiara Iyer,2026-02-20,1,874,Yoga
1172,Kiara Iyer,2026-02-06,1,601,Yoga
1172,Kiara Iyer,2026-03-01,1,697,Yoga
1172,Kiara Iyer,2026-01-25,1,552,Strength
1173,Aarav Kapoor,2026-02-15,1,842,Strength
1173,Aarav Kapoor,2026-01-10,1,512,Cardio
1173,Aarav Kapoor,2026-03-01,1,314,Yoga
1173,Aarav Kapoor,2026-02-07,1,744,Yoga
1173,Aarav Kapoor,2026-02-02,1,500,Crossfit
1173,Aarav Kapoor,2026-01-16,1,932,Yoga
1173,Aarav Kapoor,2026-01-03,1,421,Strength
1173,Aarav Kapoor,2026-01-19,1,998,Zumba
1173,Aarav Kapoor,2026-01-22,1,459,Yoga
1173,Aarav Kapoor,2026-02-11,1,956,Cardio
1174,Ayaan Gupta,2026-02-28,1,584,Zumba
1174,Ayaan Gupta,2026-02-15,1,745,Yoga
1174,Ayaan Gupta,2026-02-22,1,432,Cardio
1174,Ayaan Gupta,2026-02-14,1,904,Yoga
1174,Ayaan Gupta,2026-01-15,1,723,Zumba
1174,Ayaan Gupta,2026-02-19,1,326,Zumba
1174,Ayaan Gupta,2026-02-22,1,403,Crossfit
1175,Ayaan Nair,2026-01-03,1,419,Cardio
1175,Ayaan Nair,2026-02-02,1,612,Cardio
1175,Ayaan Nair,2026-01-23,1,415,Crossfit
1175,Ayaan Nair,2026-02-11,1,379,Yoga
1175,Ayaan Nair,2026-02-13,1,352,Cardio
1175,Ayaan Nair,2026-02-27,1,484,Strength
1175,Ayaan Nair,2026-01-20,1,677,Yoga
1175,Ayaan Nair,2026-02-15,1,536,Yoga
1175,Ayaan Nair,2026-01-08,1,685,Zumba
1176,Anika Gupta,2026-02-01,1,974,Crossfit
1176,Anika Gupta,2026-02-17,1,395,Crossfit
1176,Anika Gupta,2026-02-15,1,868,Strength
1176,Anika Gupta,2026-01-24,1,387,Cardio
1176,Anika Gupta,2026-01-15,1,626,Strength
1176,Anika Gupta,2026-02-18,1,851,Yoga
1177,Kiara Iyer,2026-02-05,1,957,Yoga
1177,Kiara Iyer,2026-01-31,1,952,Zumba
1177,Kiara Iyer,2026-01-06,1,311,Yoga
1177,Kiara Iyer,2026-01-18,1,543,Zumba
1177,Kiara Iyer,2026-01-06,1,747,Yoga
1177,Kiara Iyer,2026-02-27,1,693,Yoga
1177,Kiara Iyer,2026-01-04,1,352,Strength
1177,Kiara Iyer,2026-01-26,1,781,Zumba
1177,Kiara Iyer,2026-01-27,1,670,Zumba
1177,Kiara Iyer,2026-02-16,1,911,Cardio
1178,Ira Iyer,2026-01-30,1,661,Zumba
1178,Ira Iyer,2026-02-02,1,507,Zumba
1178,Ira Iyer,2026-01-04,1,640,Strength
1178,Ira Iyer,2026-02-19,1,426,Crossfit
1178,Ira Iyer,2026-01-25,1,728,Cardio
1178,Ira Iyer,2026-02-25,1,506,Yoga
1179,Ritvik Sharma,2026-02-06,1,722,Cardio
1179,Ritvik Sharma,2026-03-01,1,467,Yoga
1179,Ritvik Sharma,2026-01-19,1,580,Yoga
1179,Ritvik Sharma,2026-01-13,1,778,Zumba
1179,Ritvik Sharma,2026-02-16,1,763,Strength
1179,Ritvik Sharma,2026-01-07,1,599,Crossfit
1179,Ritvik Sharma,2026-02-09,1,686,Crossfit
1179,Ritvik Sharma,2026-01-07,1,618,Cardio
1180,Ishaan Sharma,2026-02-07,1,812,Crossfit
1180,Ishaan Sharma,2026-02-13,1,638,Cardio
1180,Ishaan Sharma,2026-01-22,1,565,Cardio
1180,Ishaan Sharma,2026-01-26,1,629,Zumba
1180,Ishaan Sharma,2026-02-01,1,378,Cardio
1180,Ishaan Sharma,2026-02-05,1,588,Crossfit
1180,Ishaan Sharma,2026-01-11,1,913,Crossfit
1181,Rohan Mehta,2026-02-10,1,786,Crossfit
1181,Rohan Mehta,2026-01-31,1,539,Strength
1181,Rohan Mehta,2026-02-05,1,797,Zumba
1181,Rohan Mehta,2026-01-29,1,703,Crossfit
1181,Rohan Mehta,2026-02-06,1,618,Cardio
1181,Rohan Mehta,2026-02-23,1,439,Yoga
1181,Rohan Mehta,2026-02-06,1,978,Crossfit
1181,Rohan Mehta,2026-02-07,1,895,Crossfit
1182,Rohan Joshi,2026-02-08,1,881,Cardio
1182,Rohan Joshi,2026-01-24,1,386,Yoga
1182,Rohan Joshi,2026-02-18,1,363,Crossfit
1182,Rohan Joshi,2026-01-17,1,613,Crossfit
1182,Rohan Joshi,2026-01-01,1,387,Crossfit
1183,Ira Joshi,2026-01-29,1,851,Yoga
1183,Ira Joshi,2026-02-16,1,479,Strength
1183,Ira Joshi,2026-02-15,1,927,Zumba
1183,Ira Joshi,2026-01-06,1,824,Crossfit
1183,Ira Joshi,2026-03-01,1,943,Strength
1183,Ira Joshi,2026-01-21,1,718,Cardio
1183,Ira Joshi,2026-02-18,1,906,Zumba
1183,Ira Joshi,2026-01-18,1,500,Yoga
1184,Ved Mehta,2026-01-26,1,416,Crossfit
1184,Ved Mehta,2026-02-03,1,572,Yoga
1184,Ved Mehta,2026-01-26,1,763,Cardio
1184,Ved Mehta,2026-01-31,1,901,Zumba
1184,Ved Mehta,2026-02-12,1,466,Yoga
1184,Ved Mehta,2026-02-17,1,574,Strength
1184,Ved Mehta,2026-02-19,1,343,Zumba
1185,Diya Verma,2026-01-08,1,741,Zumba
1185,Diya Verma,2026-02-06,1,818,Crossfit
1185,Diya Verma,2026-01-16,1,599,Strength
1185,Diya Verma,2026-01-28,1,562,Yoga
1185,Diya Verma,2026-01-22,1,307,Zumba
1185,Diya Verma,2026-02-06,1,650,Zumba
1186,Kabir Sharma,2026-02-24,1,789,Zumba
1186,Kabir Sharma,2026-01-03,1,484,Strength
1186,Kabir Sharma,2026-01-20,1,662,Yoga
1186,Kabir Sharma,2026-02-09,1,421,Crossfit
1186,Kabir Sharma,2026-01-30,1,559,Cardio
1186,Kabir Sharma,2026-02-14,1,422,Yoga
1186,Kabir Sharma,2026-01-05,1,626,Yoga
1186,Kabir Sharma,2026-02-08,1,581,Crossfit
1186,Kabir Sharma,2026-01-08,1,719,Cardio
1187,Aadhya Patel,2026-02-03,1,596,Zumba
1187,Aadhya Patel,2026-01-15,1,369,Cardio
1187,Aadhya Patel,2026-01-27,1,773,Crossfit
1187,Aadhya Patel,2026-01-01,1,782,Crossfit
1187,Aadhya Patel,2026-02-14,1,415,Zumba
1187,Aadhya Patel,2026-01-10,1,837,Cardio
1187,Aadhya Patel,2026-02-09,1,855,Yoga
1188,Aadhya Gupta,2026-02-14,1,486,Crossfit
1188,Aadhya Gupta,2026-01-21,1,890,Strength
1188,Aadhya Gupta,2026-01-26,1,727,Crossfit
1188,Aadhya Gupta,2026-02-06,1,767,Zumba
1188,Aadhya Gupta,2026-01-31,1,306,Crossfit
1188,Aadhya Gupta,2026-01-30,1,665,Cardio
1188,Aadhya Gupta,2026-01-14,1,944,Cardio
1188,Aadhya Gupta,2026-01-18,1,911,Strength
1189,Diya Verma,2026-02-23,1,714,Crossfit
1189,Diya Verma,2026-02-03,1,672,Crossfit
1189,Diya Verma,2026-01-11,1,487,Strength
1189,Diya Verma,2026-01-18,1,493,Strength
1189,Diya Verma,2026-02-21,1,636,Yoga
1189,Diya Verma,2026-01-07,1,800,Strength
1190,Shaurya Nair,2026-02-14,1,496,Strength
1190,Shaurya Nair,2026-01-05,1,985,Strength
1190,Shaurya Nair,2026-01-12,1,960,Strength
1190,Shaurya Nair,2026-02-08,1,371,Crossfit
1190,Shaurya Nair,2026-01-15,1,984,Strength
1191,Diya Nair,2026-02-24,1,691,Crossfit
1191,Diya Nair,2026-01-15,1,536,Yoga
1191,Diya Nair,2026-02-15,1,632,Zumba
1191,Diya Nair,2026-01-19,1,343,Crossfit
1191,Diya Nair,2026-02-17,1,489,Zumba
1191,Diya Nair,2026-01-30,1,329,Zumba
1191,Diya Nair,2026-02-03,1,802,Crossfit
1192,Kabir Reddy,2026-02-26,1,526,Yoga
1192,Kabir Reddy,2026-02-08,1,428,Cardio
1192,Kabir Reddy,2026-01-19,1,355,Cardio
1192,Kabir Reddy,2026-02-12,1,985,Cardio
1192,Kabir Reddy,2026-01-21,1,508,Yoga
1193,Dhruv Gupta,2026-01-22,1,637,Cardio
1193,Dhruv Gupta,2026-01-02,1,520,Yoga
1193,Dhruv Gupta,2026-01-11,1,811,Crossfit
1193,Dhruv Gupta,2026-02-19,1,488,Yoga
1193,Dhruv Gupta,2026-01-26,1,626,Yoga
1193,Dhruv Gupta,2026-01-19,1,776,Zumba
1193,Dhruv Gupta,2026-02-09,1,401,Yoga
1194,Muhammad Sharma,2026-01-19,1,582,Cardio
1194,Muhammad Sharma,2026-01-07,1,912,Yoga
1194,Muhammad Sharma,2026-01-25,1,316,Strength
1194,Muhammad Sharma,2026-02-27,1,811,Zumba
1194,Muhammad Sharma,2026-02-26,1,384,Crossfit
1194,Muhammad Sharma,2026-01-18,1,669,Zumba
1194,Muhammad Sharma,2026-02-16,1,432,Strength
1195,Ira Patel,2026-01-01,1,430,Strength
1195,Ira Patel,2026-01-09,1,901,Crossfit
1195,Ira Patel,2026-01-19,1,934,Strength
1195,Ira Patel,2026-01-18,1,528,Cardio
1195,Ira Patel,2026-01-16,1,585,Crossfit
1195,Ira Patel,2026-02-15,1,999,Zumba
1195,Ira Patel,2026-01-21,1,751,Cardio
1195,Ira Patel,2026-02-24,1,555,Cardio
1195,Ira Patel,2026-01-30,1,750,Crossfit
1195,Ira Patel,2026-02-20,1,443,Yoga
1196,Ved Sharma,2026-01-28,1,949,Zumba
1196,Ved Sharma,2026-02-18,1,956,Zumba
1196,Ved Sharma,2026-01-22,1,803,Yoga
1196,Ved Sharma,2026-01-31,1,540,Zumba
1196,Ved Sharma,2026-02-04,1,659,Yoga
1196,Ved Sharma,2026-02-08,1,697,Strength
1196,Ved Sharma,2026-01-17,1,698,Cardio
1196,Ved Sharma,2026-02-25,1,567,Strength
1197,Krishna Mehta,2026-02-18,1,984,Yoga
1197,Krishna Mehta,2026-03-01,1,764,Zumba
1197,Krishna Mehta,2026-02-13,1,309,Crossfit
1197,Krishna Mehta,2026-02-17,1,554,Cardio
1197,Krishna Mehta,2026-01-28,1,802,Yoga
1198,Myra Mehta,2026-01-03,1,964,Strength
1198,Myra Mehta,2026-02-09,1,321,Zumba
1198,Myra Mehta,2026-02-06,1,913,Strength
1198,Myra Mehta,2026-01-07,1,301,Yoga
1198,Myra Mehta,2026-01-21,1,519,Zumba
1198,Myra Mehta,2026-02-14,1,682,Zumba
1198,Myra Mehta,2026-01-27,1,829,Yoga
1198,Myra Mehta,2026-01-21,1,600,Yoga
1198,Myra Mehta,2026-01-06,1,773,Cardio
1198,Myra Mehta,2026-02-06,1,433,Cardio
1199,Ananya Kapoor,2026-02-13,1,887,Yoga
1199,Ananya Kapoor,2026-01-03,1,924,Cardio
1199,Ananya Kapoor,2026-01-25,1,313,Yoga
1199,Ananya Kapoor,2026-01-21,1,695,Zumba
1199,Ananya Kapoor,2026-02-12,1,980,Crossfit
1200,Ved Iyer,2026-01-27,1,874,Crossfit
1200,Ved Iyer,2026-01-16,1,939,Zumba
1200,Ved Iyer,2026-01-12,1,590,Zumba
1200,Ved Iyer,2026-01-15,1,458,Strength
1200,Ved Iyer,2026-02-22,1,943,Cardio
1200,Ved Iyer,2026-01-30,1,721,Yoga
1200,Ved Iyer,2026-01-13,1,450,Cardio
1201,Arnav Gupta,2026-02-14,1,981,Cardio
1201,Arnav Gupta,2026-02-21,1,509,Yoga
1201,Arnav Gupta,2026-01-29,1,482,Zumba
1201,Arnav Gupta,2026-01-15,1,652,Cardio
1201,Arnav Gupta,2026-01-21,1,624,Strength
1201,Arnav Gupta,2026-02-23,1,813,Yoga
1201,Arnav Gupta,2026-02-16,1,514,Crossfit
1201,Arnav Gupta,2026-01-05,1,731,Cardio
1201,Arnav Gupta,2026-01-31,1,426,Crossfit
1201,Arnav Gupta,2026-02-11,1,641,Zumba
1202,Ananya Nair,2026-01-23,1,306,Cardio
1202,Ananya Nair,2026-02-07,1,869,Cardio
1202,Ananya Nair,2026-02-17,1,494,Cardio
1202,Ananya Nair,2026-02-25,1,987,Cardio
1202,Ananya Nair,2026-01-19,1,864,Cardio
1202,Ananya Nair,2026-02-25,1,645,Crossfit
1202,Ananya Nair,2026-02-11,1,928,Yoga
1202,Ananya Nair,2026-02-22,1,711,Crossfit
1202,Ananya Nair,2026-02-21,1,366,Zumba
1203,Ira Mehta,2026-02-24,1,426,Cardio
1203,Ira Mehta,2026-01-20,1,523,Cardio
1203,Ira Mehta,2026-01-24,1,495,Zumba
1203,Ira Mehta,2026-02-27,1,304,Yoga
1203,Ira Mehta,2026-01-12,1,530,Strength
1203,Ira Mehta,2026-01-17,1,971,Crossfit
1203,Ira Mehta,2026-02-18,1,597,Strength
1203,Ira Mehta,2026-01-16,1,958,Strength
1203,Ira Mehta,2026-01-05,1,355,Strength
1203,Ira Mehta,2026-02-25,1,878,Crossfit
1204,Vivaan Patel,2026-01-19,1,784,Strength
1204,Vivaan Patel,2026-01-24,1,497,Strength
1204,Vivaan Patel,2026-01-25,1,926,Strength
1204,Vivaan Patel,2026-01-18,1,650,Cardio
1204,Vivaan Patel,2026-02-13,1,698,Cardio
1204,Vivaan Patel,2026-01-18,1,589,Crossfit
1204,Vivaan Patel,2026-01-18,1,688,Cardio
1205,Meera Gupta,2026-02-24,1,629,Zumba
1205,Meera Gupta,2026-01-30,1,934,Strength
1205,Meera Gupta,2026-01-09,1,911,Cardio
1205,Meera Gupta,2026-01-10,1,352,Yoga
1205,Meera Gupta,2026-01-09,1,914,Strength
1205,Meera Gupta,2026-01-30,1,535,Zumba
1205,Meera Gupta,2026-02-19,1,511,Yoga
1205,Meera Gupta,2026-01-25,1,930,Zumba
1205,Meera Gupta,2026-02-28,1,786,Zumba
1205,Meera Gupta,2026-01-03,1,630,Zumba
1206,Navya Mehta,2026-01-10,1,986,Zumba
1206,Navya Mehta,2026-01-14,1,568,Crossfit
1206,Navya Mehta,2026-02-23,1,582,Yoga
1206,Navya Mehta,2026-02-15,1,629,Yoga
1206,Navya Mehta,2026-01-27,1,934,Crossfit
1206,Navya Mehta,2026-01-13,1,520,Cardio
1207,Shaurya Verma,2026-01-11,1,665,Yoga
1207,Shaurya Verma,2026-02-16,1,934,Cardio
1207,Shaurya Verma,2026-02-21,1,859,Strength
1207,Shaurya Verma,2026-01-15,1,614,Zumba
1207,Shaurya Verma,2026-01-19,1,728,Crossfit
1207,Shaurya Verma,2026-03-01,1,957,Strength
1207,Shaurya Verma,2026-02-06,1,921,Cardio
1207,Shaurya Verma,2026-02-15,1,737,Strength
1207,Shaurya Verma,2026-01-18,1,307,Crossfit
1207,Shaurya Verma,2026-02-23,1,748,Crossfit
1208,Arjun Mehta,2026-02-25,1,878,Yoga
1208,Arjun Mehta,2026-01-25,1,805,Zumba
1208,Arjun Mehta,2026-01-08,1,940,Strength
1208,Arjun Mehta,2026-02-25,1,490,Crossfit
1208,Arjun Mehta,2026-02-12,1,601,Crossfit
1208,Arjun Mehta,2026-02-11,1,402,Crossfit
1208,Arjun Mehta,2026-02-21,1,842,Cardio
1208,Arjun Mehta,2026-02-15,1,848,Strength
1208,Arjun Mehta,2026-01-14,1,575,Crossfit
1208,Arjun Mehta,2026-01-12,1,389,Crossfit
1209,Dhruv Mehta,2026-02-07,1,563,Cardio
1209,Dhruv Mehta,2026-02-26,1,791,Cardio
1209,Dhruv Mehta,2026-02-08,1,858,Cardio
1209,Dhruv Mehta,2026-02-05,1,833,Cardio
1209,Dhruv Mehta,2026-01-01,1,763,Zumba
1209,Dhruv Mehta,2026-02-12,1,622,Crossfit
1209,Dhruv Mehta,2026-01-15,1,419,Strength
1210,Ved Gupta,2026-02-04,1,944,Cardio
1210,Ved Gupta,2026-01-05,1,451,Strength
1210,Ved Gupta,2026-01-04,1,328,Yoga
1210,Ved Gupta,2026-01-25,1,960,Yoga
1210,Ved Gupta,2026-01-23,1,441,Yoga
1211,Ritvik Iyer,2026-01-27,1,910,Yoga
1211,Ritvik Iyer,2026-01-31,1,633,Cardio
1211,Ritvik Iyer,2026-02-28,1,320,Cardio
1211,Ritvik Iyer,2026-02-17,1,429,Zumba
1211,Ritvik Iyer,2026-02-14,1,520,Crossfit
1211,Ritvik Iyer,2026-01-13,1,852,Zumba
1211,Ritvik Iyer,2026-02-06,1,840,Crossfit
1211,Ritvik Iyer,2026-02-16,1,449,Cardio
1211,Ritvik Iyer,2026-01-04,1,810,Zumba
1211,Ritvik Iyer,2026-02-01,1,327,Yoga
1212,Sara Mehta,2026-01-05,1,812,Zumba
1212,Sara Mehta,2026-02-02,1,360,Strength
1212,Sara Mehta,2026-01-21,1,791,Zumba
1212,Sara Mehta,2026-02-06,1,983,Yoga
1212,Sara Mehta,2026-02-11,1,870,Crossfit
1212,Sara Mehta,2026-02-10,1,592,Crossfit
1212,Sara Mehta,2026-02-05,1,601,Yoga
1213,Aditya Mehta,2026-01-16,1,432,Strength
1213,Aditya Mehta,2026-02-25,1,502,Strength
1213,Aditya Mehta,2026-02-03,1,988,Yoga
1213,Aditya Mehta,2026-02-10,1,805,Cardio
1213,Aditya Mehta,2026-02-01,1,589,Zumba
1214,Anika Reddy,2026-02-02,1,661,Yoga
1214,Anika Reddy,2026-02-03,1,646,Cardio
1214,Anika Reddy,2026-01-08,1,943,Zumba
1214,Anika Reddy,2026-01-13,1,433,Crossfit
1214,Anika Reddy,2026-02-09,1,365,Zumba
1214,Anika Reddy,2026-02-25,1,783,Strength
1215,Sara Iyer,2026-02-27,1,682,Crossfit
1215,Sara Iyer,2026-01-14,1,684,Crossfit
1215,Sara Iyer,2026-02-03,1,319,Yoga
1215,Sara Iyer,2026-01-22,1,381,Zumba
1215,Sara Iyer,2026-02-01,1,337,Cardio
1215,Sara Iyer,2026-01-01,1,438,Crossfit
1216,Aditya Kapoor,2026-01-30,1,890,Zumba
1216,Aditya Kapoor,2026-01-03,1,763,Strength
1216,Aditya Kapoor,2026-02-14,1,612,Crossfit
1216,Aditya Kapoor,2026-01-24,1,562,Yoga
1216,Aditya Kapoor,2026-02-04,1,326,Zumba
1217,Vivaan Patel,2026-02-07,1,774,Zumba
1217,Vivaan Patel,2026-01-28,1,796,Zumba
1217,Vivaan Patel,2026-02-27,1,914,Yoga
1217,Vivaan Patel,2026-01-20,1,830,Cardio
1217,Vivaan Patel,2026-02-17,1,563,Crossfit
1217,Vivaan Patel,2026-01-29,1,961,Yoga
1217,Vivaan Patel,2026-01-05,1,626,Cardio
1217,Vivaan Patel,2026-01-13,1,553,Crossfit
1217,Vivaan Patel,2026-01-30,1,949,Strength
1217,Vivaan Patel,2026-02-14,1,401,Cardio
1218,Kiara Sharma,2026-01-08,1,947,Yoga
1218,Kiara Sharma,2026-02-23,1,884,Zumba
1218,Kiara Sharma,2026-02-04,1,326,Yoga
1218,Kiara Sharma,2026-01-18,1,388,Crossfit
1218,Kiara Sharma,2026-02-16,1,723,Strength
1218,Kiara Sharma,2026-01-04,1,954,Cardio
1219,Shaurya Iyer,2026-01-21,1,873,Strength
1219,Shaurya Iyer,2026-02-01,1,351,Cardio
1219,Shaurya Iyer,2026-02-25,1,667,Zumba
1219,Shaurya Iyer,2026-01-13,1,372,Zumba
1219,Shaurya Iyer,2026-02-08,1,657,Strength
1219,Shaurya Iyer,2026-02-20,1,347,Yoga
1219,Shaurya Iyer,2026-01-31,1,568,Strength
1220,Vivaan Verma,2026-01-06,1,373,Cardio
1220,Vivaan Verma,2026-02-22,1,663,Yoga
1220,Vivaan Verma,2026-01-24,1,408,Crossfit
1220,Vivaan Verma,2026-02-13,1,714,Strength
1220,Vivaan Verma,2026-02-02,1,850,Strength
1220,Vivaan Verma,2026-01-16,1,473,Strength
1220,Vivaan Verma,2026-02-02,1,585,Crossfit
1220,Vivaan Verma,2026-01-08,1,720,Yoga
1220,Vivaan Verma,2026-01-01,1,725,Yoga
1220,Vivaan Verma,2026-01-19,1,499,Zumba
1221,Karan Joshi,2026-01-10,1,903,Zumba
1221,Karan Joshi,2026-01-05,1,701,Cardio
1221,Karan Joshi,2026-02-26,1,426,Zumba
1221,Karan Joshi,2026-01-09,1,573,Crossfit
1221,Karan Joshi,2026-02-10,1,340,Crossfit
1221,Karan Joshi,2026-01-30,1,983,Cardio
1221,Karan Joshi,2026-01-05,1,510,Crossfit
1221,Karan Joshi,2026-02-21,1,815,Strength
1221,Karan Joshi,2026-01-04,1,877,Cardio
1221,Karan Joshi,2026-02-24,1,386,Yoga
1222,Vihaan Iyer,2026-01-28,1,773,Strength
1222,Vihaan Iyer,2026-02-26,1,724,Yoga
1222,Vihaan Iyer,2026-01-11,1,360,Zumba
1222,Vihaan Iyer,2026-01-19,1,573,Strength
1222,Vihaan Iyer,2026-01-20,1,745,Strength
1222,Vihaan Iyer,2026-01-02,1,824,Crossfit
1222,Vihaan Iyer,2026-01-21,1,958,Crossfit
1222,Vihaan Iyer,2026-02-09,1,890,Cardio
1222,Vihaan Iyer,2026-01-20,1,385,Zumba
1222,Vihaan Iyer,2026-02-01,1,957,Cardio
1223,Aditya Gupta,2026-02-07,1,410,Strength
1223,Aditya Gupta,2026-01-12,1,752,Cardio
1223,Aditya Gupta,2026-01-04,1,630,Yoga
1223,Aditya Gupta,2026-01-05,1,778,Strength
1223,Aditya Gupta,2026-01-25,1,408,Crossfit
1223,Aditya Gupta,2026-01-19,1,836,Crossfit
1223,Aditya Gupta,2026-01-26,1,682,Crossfit
1223,Aditya Gupta,2026-01-14,1,425,Cardio
1223,Aditya Gupta,2026-02-14,1,612,Crossfit
1224,Shaurya Kapoor,2026-02-10,1,497,Cardio
1224,Shaurya Kapoor,2026-02-11,1,754,Cardio
1224,Shaurya Kapoor,2026-02-24,1,611,Strength
1224,Shaurya Kapoor,2026-01-09,1,479,Yoga
1224,Shaurya Kapoor,2026-01-23,1,400,Crossfit
1225,Myra Kapoor,2026-02-13,1,723,Strength
1225,Myra Kapoor,2026-02-23,1,595,Yoga
1225,Myra Kapoor,2026-02-08,1,655,Strength
1225,Myra Kapoor,2026-01-27,1,943,Crossfit
1225,Myra Kapoor,2026-01-23,1,499,Zumba
1225,Myra Kapoor,2026-02-15,1,737,Yoga
1225,Myra Kapoor,2026-01-18,1,420,Crossfit
1226,Ritvik Kapoor,2026-01-30,1,532,Zumba
1226,Ritvik Kapoor,2026-02-24,1,547,Zumba
1226,Ritvik Kapoor,2026-01-04,1,329,Zumba
1226,Ritvik Kapoor,2026-01-25,1,748,Yoga
1226,Ritvik Kapoor,2026-02-06,1,735,Cardio
1226,Ritvik Kapoor,2026-02-17,1,658,Strength
1226,Ritvik Kapoor,2026-02-01,1,617,Zumba
1226,Ritvik Kapoor,2026-02-13,1,311,Zumba
1226,Ritvik Kapoor,2026-02-23,1,374,Zumba
1227,Krishna Nair,2026-01-09,1,785,Zumba
1227,Krishna Nair,2026-03-01,1,884,Zumba
1227,Krishna Nair,2026-01-08,1,345,Crossfit
1227,Krishna Nair,2026-01-23,1,942,Cardio
1227,Krishna Nair,2026-02-10,1,763,Cardio
1227,Krishna Nair,2026-02-06,1,877,Cardio
1228,Arjun Gupta,2026-01-21,1,851,Cardio
1228,Arjun Gupta,2026-02-02,1,554,Crossfit
1228,Arjun Gupta,2026-02-22,1,394,Zumba
1228,Arjun Gupta,2026-01-09,1,540,Yoga
1228,Arjun Gupta,2026-01-07,1,857,Yoga
1228,Arjun Gupta,2026-01-25,1,536,Yoga
1228,Arjun Gupta,2026-01-15,1,875,Zumba
1228,Arjun Gupta,2026-01-26,1,564,Yoga
1228,Arjun Gupta,2026-01-14,1,371,Strength
1228,Arjun Gupta,2026-02-18,1,923,Crossfit
1229,Aditya Verma,2026-01-09,1,644,Zumba
1229,Aditya Verma,2026-01-21,1,903,Crossfit
1229,Aditya Verma,2026-01-09,1,860,Zumba
1229,Aditya Verma,2026-02-06,1,919,Strength
1229,Aditya Verma,2026-02-05,1,421,Zumba
1229,Aditya Verma,2026-02-25,1,823,Yoga
1230,Krishna Nair,2026-01-28,1,851,Yoga
1230,Krishna Nair,2026-02-08,1,763,Crossfit
1230,Krishna Nair,2026-01-07,1,940,Strength
1230,Krishna Nair,2026-02-01,1,462,Strength
1230,Krishna Nair,2026-02-27,1,647,Crossfit
1230,Krishna Nair,2026-02-13,1,651,Strength
1231,Shaurya Sharma,2026-01-15,1,624,Zumba
1231,Shaurya Sharma,2026-03-01,1,914,Cardio
1231,Shaurya Sharma,2026-02-03,1,747,Crossfit
1231,Shaurya Sharma,2026-02-04,1,766,Yoga
1231,Shaurya Sharma,2026-01-04,1,572,Yoga
1231,Shaurya Sharma,2026-01-29,1,508,Crossfit
1231,Shaurya Sharma,2026-03-01,1,547,Strength
1231,Shaurya Sharma,2026-02-24,1,687,Zumba
1232,Navya Sharma,2026-01-17,1,894,Yoga
1232,Navya Sharma,2026-01-17,1,777,Strength
1232,Navya Sharma,2026-01-25,1,580,Crossfit
1232,Navya Sharma,2026-02-14,1,888,Cardio
1232,Navya Sharma,2026-01-05,1,793,Zumba
1232,Navya Sharma,2026-02-13,1,936,Cardio
1232,Navya Sharma,2026-02-13,1,867,Strength
1232,Navya Sharma,2026-01-04,1,737,Yoga
1232,Navya Sharma,2026-01-18,1,908,Crossfit
1232,Navya Sharma,2026-01-13,1,557,Yoga
1233,Reyansh Mehta,2026-02-10,1,592,Yoga
1233,Reyansh Mehta,2026-01-10,1,642,Zumba
1233,Reyansh Mehta,2026-02-16,1,552,Strength
1233,Reyansh Mehta,2026-01-31,1,950,Cardio
1233,Reyansh Mehta,2026-02-20,1,763,Yoga
1234,Diya Gupta,2026-01-13,1,840,Yoga
1234,Diya Gupta,2026-02-02,1,841,Yoga
1234,Diya Gupta,2026-01-12,1,629,Strength
1234,Diya Gupta,2026-01-31,1,377,Strength
1234,Diya Gupta,2026-01-17,1,410,Yoga
1234,Diya Gupta,2026-01-27,1,797,Zumba
1234,Diya Gupta,2026-03-01,1,311,Strength
1234,Diya Gupta,2026-02-13,1,648,Strength
1234,Diya Gupta,2026-01-23,1,326,Crossfit
1235,Ishaan Kapoor,2026-01-04,1,750,Cardio
1235,Ishaan Kapoor,2026-02-23,1,594,Crossfit
1235,Ishaan Kapoor,2026-02-20,1,367,Crossfit
1235,Ishaan Kapoor,2026-01-08,1,314,Yoga
1235,Ishaan Kapoor,2026-02-28,1,631,Zumba
1235,Ishaan Kapoor,2026-01-08,1,686,Zumba
1235,Ishaan Kapoor,2026-02-11,1,411,Strength
1235,Ishaan Kapoor,2026-01-25,1,495,Strength
1235,Ishaan Kapoor,2026-02-18,1,353,Cardio
1235,Ishaan Kapoor,2026-02-20,1,921,Zumba
1236,Reyansh Reddy,2026-01-10,1,421,Yoga
1236,Reyansh Reddy,2026-02-18,1,398,Yoga
1236,Reyansh Reddy,2026-02-07,1,773,Strength
1236,Reyansh Reddy,2026-02-25,1,812,Crossfit
1236,Reyansh Reddy,2026-01-05,1,636,Strength
1236,Reyansh Reddy,2026-01-20,1,333,Crossfit
1236,Reyansh Reddy,2026-01-05,1,444,Strength
1237,Muhammad Kapoor,2026-02-27,1,624,Strength
1237,Muhammad Kapoor,2026-01-13,1,517,Yoga
1237,Muhammad Kapoor,2026-02-25,1,535,Strength
1237,Muhammad Kapoor,2026-02-08,1,547,Cardio
1237,Muhammad Kapoor,2026-01-31,1,694,Yoga
1237,Muhammad Kapoor,2026-01-13,1,821,Crossfit
1237,Muhammad Kapoor,2026-02-20,1,502,Strength
1237,Muhammad Kapoor,2026-02-11,1,530,Cardio
1238,Navya Mehta,2026-02-27,1,970,Cardio
1238,Navya Mehta,2026-02-05,1,998,Crossfit
1238,Navya Mehta,2026-02-20,1,790,Crossfit
1238,Navya Mehta,2026-02-04,1,481,Yoga
1238,Navya Mehta,2026-01-29,1,857,Yoga
1238,Navya Mehta,2026-02-12,1,817,Crossfit
1238,Navya Mehta,2026-01-23,1,486,Crossfit
1238,Navya Mehta,2026-02-24,1,570,Yoga
1238,Navya Mehta,2026-02-25,1,899,Cardio
1239,Rohan Patel,2026-03-01,1,338,Crossfit
1239,Rohan Patel,2026-02-05,1,484,Strength
1239,Rohan Patel,2026-02-09,1,873,Cardio
1239,Rohan Patel,2026-02-28,1,406,Cardio
1239,Rohan Patel,2026-01-07,1,676,Cardio
1239,Rohan Patel,2026-02-01,1,644,Yoga
1240,Ritvik Verma,2026-01-08,1,974,Strength
1240,Ritvik Verma,2026-01-11,1,462,Strength
1240,Ritvik Verma,2026-02-16,1,391,Crossfit
1240,Ritvik Verma,2026-02-22,1,825,Crossfit
1240,Ritvik Verma,2026-01-14,1,641,Yoga
1241,Ananya Mehta,2026-01-28,1,840,Zumba
1241,Ananya Mehta,2026-02-24,1,625,Crossfit
1241,Ananya Mehta,2026-01-16,1,577,Yoga
1241,Ananya Mehta,2026-01-02,1,676,Strength
1241,Ananya Mehta,2026-02-20,1,960,Cardio
1241,Ananya Mehta,2026-02-24,1,374,Crossfit
1242,Rohan Patel,2026-02-13,1,902,Zumba
1242,Rohan Patel,2026-02-21,1,668,Strength
1242,Rohan Patel,2026-01-11,1,909,Zumba
1242,Rohan Patel,2026-02-14,1,400,Crossfit
1242,Rohan Patel,2026-01-20,1,358,Yoga
1242,Rohan Patel,2026-02-19,1,401,Cardio
1242,Rohan Patel,2026-01-24,1,669,Zumba
1243,Ishaan Reddy,2026-02-18,1,469,Crossfit
1243,Ishaan Reddy,2026-01-13,1,726,Crossfit
1243,Ishaan Reddy,2026-01-26,1,691,Cardio
1243,Ishaan Reddy,2026-02-24,1,600,Yoga
1243,Ishaan Reddy,2026-02-08,1,851,Yoga
1243,Ishaan Reddy,2026-01-29,1,947,Yoga
1244,Vivaan Gupta,2026-02-27,1,444,Strength
1244,Vivaan Gupta,2026-03-01,1,494,Cardio
1244,Vivaan Gupta,2026-01-10,1,999,Yoga
1244,Vivaan Gupta,2026-01-26,1,552,Yoga
1244,Vivaan Gupta,2026-02-13,1,707,Crossfit
1244,Vivaan Gupta,2026-02-24,1,540,Cardio
1244,Vivaan Gupta,2026-01-27,1,777,Yoga
1244,Vivaan Gupta,2026-02-27,1,626,Strength
1245,Muhammad Iyer,2026-01-04,1,913,Crossfit
1245,Muhammad Iyer,2026-02-28,1,535,Strength
1245,Muhammad Iyer,2026-01-08,1,777,Crossfit
1245,Muhammad Iyer,2026-01-15,1,934,Crossfit
1245,Muhammad Iyer,2026-02-27,1,675,Strength
1245,Muhammad Iyer,2026-01-29,1,805,Strength
1245,Muhammad Iyer,2026-01-09,1,641,Cardio
1245,Muhammad Iyer,2026-01-17,1,779,Crossfit
1245,Muhammad Iyer,2026-02-19,1,306,Crossfit
1246,Diya Nair,2026-01-16,1,748,Yoga
1246,Diya Nair,2026-01-12,1,452,Crossfit
1246,Diya Nair,2026-01-09,1,676,Zumba
1246,Diya Nair,2026-01-01,1,306,Zumba
1246,Diya Nair,2026-01-23,1,466,Crossfit
1246,Diya Nair,2026-02-12,1,477,Strength
1247,Krishna Reddy,2026-02-22,1,892,Cardio
1247,Krishna Reddy,2026-01-07,1,667,Crossfit
1247,Krishna Reddy,2026-01-02,1,333,Zumba
1247,Krishna Reddy,2026-02-11,1,385,Strength
1247,Krishna Reddy,2026-02-24,1,433,Yoga
1247,Krishna Reddy,2026-01-14,1,387,Strength
1247,Krishna Reddy,2026-02-28,1,991,Zumba
1247,Krishna Reddy,2026-01-20,1,476,Strength
1247,Krishna Reddy,2026-01-19,1,381,Strength
1248,Ananya Reddy,2026-01-12,1,593,Strength
1248,Ananya Reddy,2026-02-14,1,638,Crossfit
1248,Ananya Reddy,2026-01-25,1,656,Cardio
1248,Ananya Reddy,2026-01-07,1,512,Yoga
1248,Ananya Reddy,2026-02-10,1,475,Zumba
1248,Ananya Reddy,2026-01-20,1,862,Yoga
1248,Ananya Reddy,2026-01-09,1,437,Cardio
1248,Ananya Reddy,2026-02-28,1,569,Strength
1249,Shaurya Mehta,2026-01-12,1,423,Zumba
1249,Shaurya Mehta,2026-01-07,1,491,Crossfit
1249,Shaurya Mehta,2026-01-17,1,646,Zumba
1249,Shaurya Mehta,2026-01-17,1,492,Strength
1249,Shaurya Mehta,2026-02-20,1,649,Strength
1249,Shaurya Mehta,2026-02-01,1,634,Crossfit
1249,Shaurya Mehta,2026-01-19,1,980,Yoga
1249,Shaurya Mehta,2026-01-31,1,929,Yoga
1249,Shaurya Mehta,2026-01-21,1,875,Zumba
1249,Shaurya Mehta,2026-01-18,1,391,Crossfit
1250,Ananya Kapoor,2026-02-16,1,720,Zumba
1250,Ananya Kapoor,2026-02-23,1,586,Crossfit
1250,Ananya Kapoor,2026-01-07,1,781,Cardio
1250,Ananya Kapoor,2026-01-13,1,824,Crossfit
1250,Ananya Kapoor,2026-02-28,1,492,Zumba
1250,Ananya Kapoor,2026-02-20,1,536,Zumba
1250,Ananya Kapoor,2026-01-15,1,491,Yoga
1250,Ananya Kapoor,2026-02-02,1,327,Zumba
1250,Ananya Kapoor,2026-02-18,1,747,Cardio
1251,Dhruv Patel,2026-01-04,1,621,Yoga
1251,Dhruv Patel,2026-02-13,1,660,Crossfit
1251,Dhruv Patel,2026-01-17,1,619,Crossfit
1251,Dhruv Patel,2026-02-24,1,433,Cardio
1251,Dhruv Patel,2026-01-24,1,443,Yoga
1251,Dhruv Patel,2026-01-15,1,509,Strength
1252,Ayaan Sharma,2026-01-04,1,680,Yoga
1252,Ayaan Sharma,2026-01-13,1,805,Zumba
1252,Ayaan Sharma,2026-03-01,1,700,Crossfit
1252,Ayaan Sharma,2026-01-30,1,498,Yoga
1252,Ayaan Sharma,2026-02-06,1,403,Yoga
1252,Ayaan Sharma,2026-01-04,1,365,Crossfit
1252,Ayaan Sharma,2026-01-02,1,355,Yoga
1253,Ishaan Sharma,2026-02-23,1,619,Cardio
1253,Ishaan Sharma,2026-02-23,1,320,Strength
1253,Ishaan Sharma,2026-02-02,1,516,Strength
1253,Ishaan Sharma,2026-02-10,1,320,Zumba
1253,Ishaan Sharma,2026-01-07,1,924,Strength
1253,Ishaan Sharma,2026-01-04,1,794,Strength
1253,Ishaan Sharma,2026-02-17,1,897,Crossfit
1253,Ishaan Sharma,2026-02-13,1,955,Zumba
1253,Ishaan Sharma,2026-02-25,1,836,Zumba
1253,Ishaan Sharma,2026-01-26,1,574,Yoga
1254,Meera Sharma,2026-01-09,1,503,Cardio
1254,Meera Sharma,2026-02-18,1,719,Cardio
1254,Meera Sharma,2026-02-21,1,753,Yoga
1254,Meera Sharma,2026-02-17,1,912,Zumba
1254,Meera Sharma,2026-02-26,1,411,Crossfit
1254,Meera Sharma,2026-02-27,1,336,Strength
1254,Meera Sharma,2026-02-17,1,424,Cardio
1254,Meera Sharma,2026-01-07,1,409,Yoga
1254,Meera Sharma,2026-01-24,1,845,Crossfit
1254,Meera Sharma,2026-01-07,1,305,Crossfit
1255,Kiara Reddy,2026-01-10,1,946,Crossfit
1255,Kiara Reddy,2026-01-28,1,879,Zumba
1255,Kiara Reddy,2026-01-16,1,872,Crossfit
1255,Kiara Reddy,2026-01-07,1,617,Crossfit
1255,Kiara Reddy,2026-02-04,1,958,Cardio
1256,Sara Iyer,2026-02-03,1,915,Yoga
1256,Sara Iyer,2026-02-21,1,668,Zumba
1256,Sara Iyer,2026-01-14,1,1000,Strength
1256,Sara Iyer,2026-01-15,1,668,Yoga
1256,Sara Iyer,2026-02-06,1,989,Strength
1256,Sara Iyer,2026-01-09,1,894,Yoga
1256,Sara Iyer,2026-02-09,1,701,Cardio
1257,Arnav Gupta,2026-01-15,1,656,Crossfit
1257,Arnav Gupta,2026-02-22,1,677,Yoga
1257,Arnav Gupta,2026-02-14,1,472,Yoga
1257,Arnav Gupta,2026-01-08,1,625,Yoga
1257,Arnav Gupta,2026-01-11,1,430,Cardio
1257,Arnav Gupta,2026-02-08,1,736,Cardio
1257,Arnav Gupta,2026-02-04,1,508,Crossfit
1258,Atharv Nair,2026-02-12,1,438,Cardio
1258,Atharv Nair,2026-02-16,1,859,Strength
1258,Atharv Nair,2026-01-17,1,519,Cardio
1258,Atharv Nair,2026-01-05,1,455,Yoga
1258,Atharv Nair,2026-01-17,1,653,Strength
1258,Atharv Nair,2026-02-08,1,547,Cardio
1259,Arjun Verma,2026-01-12,1,885,Strength
1259,Arjun Verma,2026-01-10,1,986,Zumba
1259,Arjun Verma,2026-02-05,1,575,Strength
1259,Arjun Verma,2026-01-08,1,927,Cardio
1259,Arjun Verma,2026-02-28,1,966,Yoga
1259,Arjun Verma,2026-02-07,1,667,Strength
1259,Arjun Verma,2026-02-20,1,314,Cardio
1259,Arjun Verma,2026-02-26,1,859,Cardio
1259,Arjun Verma,2026-01-21,1,830,Zumba
1259,Arjun Verma,2026-02-15,1,622,Crossfit
1260,Ishaan Sharma,2026-01-01,1,578,Cardio
1260,Ishaan Sharma,2026-01-17,1,892,Zumba
1260,Ishaan Sharma,2026-02-13,1,836,Yoga
1260,Ishaan Sharma,2026-01-10,1,888,Cardio
1260,Ishaan Sharma,2026-01-28,1,720,Cardio
1260,Ishaan Sharma,2026-02-12,1,663,Strength
1260,Ishaan Sharma,2026-01-25,1,665,Crossfit
1261,Kabir Verma,2026-01-20,1,991,Strength
1261,Kabir Verma,2026-02-14,1,615,Yoga
1261,Kabir Verma,2026-01-15,1,787,Zumba
1261,Kabir Verma,2026-02-27,1,524,Zumba
1261,Kabir Verma,2026-02-28,1,778,Yoga
1261,Kabir Verma,2026-02-27,1,751,Crossfit
1261,Kabir Verma,2026-01-02,1,539,Yoga
1262,Arnav Iyer,2026-01-16,1,986,Cardio
1262,Arnav Iyer,2026-01-21,1,305,Strength
1262,Arnav Iyer,2026-01-18,1,460,Cardio
1262,Arnav Iyer,2026-01-26,1,539,Crossfit
1262,Arnav Iyer,2026-01-08,1,701,Yoga
1262,Arnav Iyer,2026-02-16,1,456,Cardio
1262,Arnav Iyer,2026-01-09,1,593,Zumba
1262,Arnav Iyer,2026-02-18,1,731,Crossfit
1263,Ayaan Iyer,2026-01-26,1,309,Crossfit
1263,Ayaan Iyer,2026-02-21,1,447,Strength
1263,Ayaan Iyer,2026-01-14,1,503,Cardio
1263,Ayaan Iyer,2026-02-23,1,910,Crossfit
1263,Ayaan Iyer,2026-01-30,1,464,Crossfit
1263,Ayaan Iyer,2026-02-10,1,348,Yoga
1263,Ayaan Iyer,2026-01-27,1,813,Zumba
1263,Ayaan Iyer,2026-01-18,1,440,Cardio
1264,Arnav Reddy,2026-01-07,1,829,Zumba
1264,Arnav Reddy,2026-02-14,1,634,Strength
1264,Arnav Reddy,2026-01-12,1,442,Crossfit
1264,Arnav Reddy,2026-01-30,1,407,Crossfit
1264,Arnav Reddy,2026-01-24,1,520,Cardio
1264,Arnav Reddy,2026-01-04,1,874,Cardio
1264,Arnav Reddy,2026-01-26,1,678,Strength
1265,Rohan Sharma,2026-02-04,1,329,Zumba
1265,Rohan Sharma,2026-01-14,1,400,Strength
1265,Rohan Sharma,2026-02-03,1,353,Cardio
1265,Rohan Sharma,2026-02-10,1,519,Crossfit
1265,Rohan Sharma,2026-02-06,1,767,Strength
1265,Rohan Sharma,2026-02-15,1,442,Zumba
1265,Rohan Sharma,2026-01-30,1,469,Yoga
1265,Rohan Sharma,2026-02-25,1,602,Yoga
1266,Krishna Sharma,2026-01-03,1,904,Zumba
1266,Krishna Sharma,2026-01-20,1,705,Zumba
1266,Krishna Sharma,2026-01-04,1,649,Crossfit
1266,Krishna Sharma,2026-01-14,1,504,Strength
1266,Krishna Sharma,2026-01-17,1,830,Strength
1266,Krishna Sharma,2026-02-26,1,945,Cardio
1267,Ritvik Reddy,2026-01-13,1,963,Zumba
1267,Ritvik Reddy,2026-01-01,1,662,Yoga
1267,Ritvik Reddy,2026-01-27,1,833,Cardio
1267,Ritvik Reddy,2026-02-21,1,483,Crossfit
1267,Ritvik Reddy,2026-02-24,1,536,Strength
1268,Atharv Patel,2026-02-02,1,615,Zumba
1268,Atharv Patel,2026-01-03,1,821,Strength
1268,Atharv Patel,2026-02-10,1,942,Strength
1268,Atharv Patel,2026-02-21,1,430,Yoga
1268,Atharv Patel,2026-02-15,1,602,Crossfit
1268,Atharv Patel,2026-01-05,1,903,Yoga
1268,Atharv Patel,2026-02-18,1,665,Yoga
1268,Atharv Patel,2026-01-07,1,303,Crossfit
1268,Atharv Patel,2026-02-17,1,534,Cardio
1269,Diya Reddy,2026-01-02,1,829,Yoga
1269,Diya Reddy,2026-01-04,1,610,Crossfit
1269,Diya Reddy,2026-02-21,1,921,Yoga
1269,Diya Reddy,2026-02-04,1,610,Strength
1269,Diya Reddy,2026-01-30,1,867,Crossfit
1269,Diya Reddy,2026-01-09,1,748,Cardio
1269,Diya Reddy,2026-01-24,1,981,Strength
1269,Diya Reddy,2026-01-18,1,931,Strength
1269,Diya Reddy,2026-01-28,1,507,Yoga
1269,Diya Reddy,2026-01-07,1,414,Yoga
1270,Vihaan Iyer,2026-02-16,1,559,Cardio
1270,Vihaan Iyer,2026-01-28,1,400,Zumba
1270,Vihaan Iyer,2026-02-06,1,989,Cardio
1270,Vihaan Iyer,2026-01-23,1,571,Yoga
1270,Vihaan Iyer,2026-02-16,1,973,Yoga
1270,Vihaan Iyer,2026-02-04,1,615,Cardio
1271,Rohan Kapoor,2026-01-19,1,425,Cardio
1271,Rohan Kapoor,2026-01-16,1,591,Yoga
1271,Rohan Kapoor,2026-02-04,1,889,Yoga
1271,Rohan Kapoor,2026-01-09,1,842,Yoga
1271,Rohan Kapoor,2026-02-28,1,340,Crossfit
1271,Rohan Kapoor,2026-01-25,1,329,Zumba
1271,Rohan Kapoor,2026-02-20,1,717,Zumba
1271,Rohan Kapoor,2026-01-28,1,836,Strength
1272,Ayaan Iyer,2026-01-12,1,664,Crossfit
1272,Ayaan Iyer,2026-02-27,1,681,Crossfit
1272,Ayaan Iyer,2026-03-01,1,957,Strength
1272,Ayaan Iyer,2026-02-11,1,876,Cardio
1272,Ayaan Iyer,2026-02-14,1,831,Crossfit
1272,Ayaan Iyer,2026-02-10,1,472,Zumba
1272,Ayaan Iyer,2026-02-21,1,654,Strength
1272,Ayaan Iyer,2026-01-02,1,300,Strength
1272,Ayaan Iyer,2026-01-05,1,818,Cardio
1273,Sara Reddy,2026-02-03,1,663,Zumba
1273,Sara Reddy,2026-02-21,1,428,Crossfit
1273,Sara Reddy,2026-01-29,1,721,Strength
1273,Sara Reddy,2026-01-22,1,622,Yoga
1273,Sara Reddy,2026-01-15,1,523,Cardio
1273,Sara Reddy,2026-02-21,1,628,Crossfit
1274,Sara Reddy,2026-03-01,1,928,Strength
1274,Sara Reddy,2026-02-19,1,675,Cardio
1274,Sara Reddy,2026-02-18,1,899,Strength
1274,Sara Reddy,2026-01-22,1,578,Zumba
1274,Sara Reddy,2026-01-08,1,754,Cardio
1274,Sara Reddy,2026-02-16,1,624,Crossfit
1274,Sara Reddy,2026-02-22,1,730,Yoga
1274,Sara Reddy,2026-02-14,1,466,Crossfit
1274,Sara Reddy,2026-01-08,1,665,Crossfit
1275,Vivaan Joshi,2026-02-02,1,969,Cardio
1275,Vivaan Joshi,2026-01-20,1,880,Crossfit
1275,Vivaan Joshi,2026-02-10,1,357,Cardio
1275,Vivaan Joshi,2026-02-27,1,773,Crossfit
1275,Vivaan Joshi,2026-02-10,1,408,Cardio
1276,Myra Sharma,2026-02-01,1,943,Yoga
1276,Myra Sharma,2026-01-26,1,576,Yoga
1276,Myra Sharma,2026-01-12,1,887,Strength
1276,Myra Sharma,2026-02-12,1,376,Cardio
1276,Myra Sharma,2026-02-08,1,341,Cardio
1276,Myra Sharma,2026-02-19,1,530,Crossfit
1276,Myra Sharma,2026-01-23,1,869,Strength
1276,Myra Sharma,2026-01-07,1,523,Strength
1276,Myra Sharma,2026-01-10,1,998,Yoga
1276,Myra Sharma,2026-02-12,1,396,Zumba
1277,Reyansh Gupta,2026-01-14,1,576,Cardio
1277,Reyansh Gupta,2026-01-19,1,785,Crossfit
1277,Reyansh Gupta,2026-01-26,1,328,Cardio
1277,Reyansh Gupta,2026-01-11,1,936,Zumba
1277,Reyansh Gupta,2026-01-08,1,518,Zumba
1278,Vihaan Nair,2026-02-07,1,812,Zumba
1278,Vihaan Nair,2026-02-09,1,586,Strength
1278,Vihaan Nair,2026-01-21,1,372,Strength
1278,Vihaan Nair,2026-02-23,1,521,Yoga
1278,Vihaan Nair,2026-01-18,1,393,Zumba
1278,Vihaan Nair,2026-01-23,1,837,Strength
1278,Vihaan Nair,2026-01-30,1,721,Cardio
1278,Vihaan Nair,2026-01-24,1,625,Yoga
1279,Krishna Sharma,2026-02-19,1,567,Cardio
1279,Krishna Sharma,2026-01-04,1,768,Zumba
1279,Krishna Sharma,2026-01-15,1,759,Yoga
1279,Krishna Sharma,2026-01-01,1,351,Yoga
1279,Krishna Sharma,2026-01-20,1,909,Zumba
1279,Krishna Sharma,2026-01-08,1,649,Zumba
1279,Krishna Sharma,2026-01-20,1,770,Zumba
1280,Vihaan Sharma,2026-01-17,1,391,Crossfit
1280,Vihaan Sharma,2026-01-23,1,841,Crossfit
1280,Vihaan Sharma,2026-01-11,1,577,Crossfit
1280,Vihaan Sharma,2026-01-17,1,873,Strength
1280,Vihaan Sharma,2026-02-05,1,909,Cardio
1280,Vihaan Sharma,2026-01-18,1,957,Strength
1280,Vihaan Sharma,2026-02-18,1,841,Crossfit
1280,Vihaan Sharma,2026-01-23,1,825,Yoga
1281,Aditya Joshi,2026-01-21,1,674,Cardio
1281,Aditya Joshi,2026-01-10,1,524,Yoga
1281,Aditya Joshi,2026-01-05,1,946,Cardio
1281,Aditya Joshi,2026-02-22,1,715,Cardio
1281,Aditya Joshi,2026-02-26,1,943,Yoga
1281,Aditya Joshi,2026-02-03,1,717,Zumba
1281,Aditya Joshi,2026-02-28,1,678,Zumba
1282,Atharv Verma,2026-02-14,1,598,Strength
1282,Atharv Verma,2026-01-16,1,912,Cardio
1282,Atharv Verma,2026-02-22,1,548,Crossfit
1282,Atharv Verma,2026-02-18,1,954,Yoga
1282,Atharv Verma,2026-02-08,1,970,Zumba
1283,Atharv Mehta,2026-02-21,1,774,Strength
1283,Atharv Mehta,2026-02-21,1,334,Cardio
1283,Atharv Mehta,2026-01-24,1,414,Crossfit
1283,Atharv Mehta,2026-02-21,1,686,Yoga
1283,Atharv Mehta,2026-01-13,1,435,Zumba
1283,Atharv Mehta,2026-02-14,1,892,Cardio
1283,Atharv Mehta,2026-01-16,1,921,Zumba
1283,Atharv Mehta,2026-02-12,1,813,Zumba
1283,Atharv Mehta,2026-02-11,1,626,Strength
1284,Meera Nair,2026-02-17,1,608,Cardio
1284,Meera Nair,2026-01-24,1,551,Yoga
1284,Meera Nair,2026-02-23,1,358,Yoga
1284,Meera Nair,2026-02-17,1,810,Strength
1284,Meera Nair,2026-02-19,1,914,Zumba
1284,Meera Nair,2026-02-19,1,691,Crossfit
1284,Meera Nair,2026-01-15,1,944,Crossfit
1284,Meera Nair,2026-02-04,1,614,Cardio
1284,Meera Nair,2026-02-12,1,752,Cardio
1284,Meera Nair,2026-02-17,1,390,Strength
1285,Diya Sharma,2026-02-02,1,958,Crossfit
1285,Diya Sharma,2026-02-23,1,877,Yoga
1285,Diya Sharma,2026-02-13,1,642,Strength
1285,Diya Sharma,2026-02-10,1,378,Yoga
1285,Diya Sharma,2026-01-09,1,738,Yoga
1286,Aditya Mehta,2026-02-04,1,967,Crossfit
1286,Aditya Mehta,2026-01-05,1,542,Strength
1286,Aditya Mehta,2026-01-17,1,352,Crossfit
1286,Aditya Mehta,2026-01-17,1,751,Cardio
1286,Aditya Mehta,2026-02-14,1,937,Crossfit
1286,Aditya Mehta,2026-02-17,1,331,Yoga
1286,Aditya Mehta,2026-02-08,1,939,Crossfit
1286,Aditya Mehta,2026-02-25,1,304,Yoga
1286,Aditya Mehta,2026-02-05,1,770,Strength
1286,Aditya Mehta,2026-01-25,1,739,Zumba
1287,Sai Patel,2026-01-13,1,390,Yoga
1287,Sai Patel,2026-01-30,1,670,Strength
1287,Sai Patel,2026-01-19,1,979,Crossfit
1287,Sai Patel,2026-01-16,1,397,Cardio
1287,Sai Patel,2026-02-19,1,956,Yoga
1287,Sai Patel,2026-02-15,1,563,Cardio
1287,Sai Patel,2026-02-12,1,585,Crossfit
1287,Sai Patel,2026-01-22,1,419,Crossfit
1287,Sai Patel,2026-01-31,1,575,Cardio
1288,Dhruv Mehta,2026-02-23,1,350,Cardio
1288,Dhruv Mehta,2026-01-17,1,409,Strength
1288,Dhruv Mehta,2026-01-08,1,994,Yoga
1288,Dhruv Mehta,2026-02-05,1,500,Crossfit
1288,Dhruv Mehta,2026-02-15,1,506,Cardio
1289,Sai Mehta,2026-02-28,1,759,Zumba
1289,Sai Mehta,2026-01-24,1,539,Yoga
1289,Sai Mehta,2026-01-02,1,804,Yoga
1289,Sai Mehta,2026-01-09,1,307,Crossfit
1289,Sai Mehta,2026-02-06,1,699,Crossfit
1290,Muhammad Verma,2026-02-24,1,351,Cardio
1290,Muhammad Verma,2026-01-02,1,695,Zumba
1290,Muhammad Verma,2026-01-30,1,487,Cardio
1290,Muhammad Verma,2026-01-23,1,411,Cardio
1290,Muhammad Verma,2026-01-28,1,361,Strength
1290,Muhammad Verma,2026-01-04,1,482,Zumba
1290,Muhammad Verma,2026-01-07,1,535,Cardio
1290,Muhammad Verma,2026-01-23,1,501,Cardio
1290,Muhammad Verma,2026-02-28,1,902,Yoga
1291,Ayaan Joshi,2026-01-04,1,876,Cardio
1291,Ayaan Joshi,2026-01-24,1,809,Strength
1291,Ayaan Joshi,2026-01-09,1,805,Yoga
1291,Ayaan Joshi,2026-02-05,1,374,Cardio
1291,Ayaan Joshi,2026-03-01,1,732,Yoga
1291,Ayaan Joshi,2026-01-01,1,583,Cardio
1291,Ayaan Joshi,2026-01-24,1,904,Cardio
1292,Sara Sharma,2026-01-22,1,488,Zumba
1292,Sara Sharma,2026-01-27,1,386,Strength
1292,Sara Sharma,2026-01-23,1,427,Crossfit
1292,Sara Sharma,2026-01-25,1,307,Strength
1292,Sara Sharma,2026-01-06,1,790,Strength
1293,Dhruv Iyer,2026-02-25,1,540,Crossfit
1293,Dhruv Iyer,2026-02-22,1,678,Crossfit
1293,Dhruv Iyer,2026-01-24,1,636,Strength
1293,Dhruv Iyer,2026-01-13,1,973,Yoga
1293,Dhruv Iyer,2026-02-15,1,745,Yoga
1293,Dhruv Iyer,2026-02-19,1,714,Yoga
1293,Dhruv Iyer,2026-01-18,1,880,Strength
1293,Dhruv Iyer,2026-02-21,1,503,Cardio
1293,Dhruv Iyer,2026-02-11,1,330,Yoga
1294,Krishna Kapoor,2026-02-12,1,716,Crossfit
1294,Krishna Kapoor,2026-02-07,1,473,Strength
1294,Krishna Kapoor,2026-01-09,1,324,Cardio
1294,Krishna Kapoor,2026-01-18,1,846,Strength
1294,Krishna Kapoor,2026-02-28,1,565,Cardio
1294,Krishna Kapoor,2026-01-13,1,421,Cardio
1294,Krishna Kapoor,2026-01-04,1,687,Strength
1295,Meera Kapoor,2026-02-24,1,591,Strength
1295,Meera Kapoor,2026-01-30,1,359,Zumba
1295,Meera Kapoor,2026-02-24,1,805,Crossfit
1295,Meera Kapoor,2026-01-05,1,991,Strength
1295,Meera Kapoor,2026-03-01,1,385,Yoga
1295,Meera Kapoor,2026-02-06,1,899,Crossfit
1295,Meera Kapoor,2026-02-06,1,494,Zumba
1296,Myra Patel,2026-01-12,1,813,Crossfit
1296,Myra Patel,2026-02-02,1,863,Yoga
1296,Myra Patel,2026-02-05,1,853,Cardio
1296,Myra Patel,2026-02-14,1,654,Strength
1296,Myra Patel,2026-01-28,1,683,Yoga
1296,Myra Patel,2026-02-02,1,465,Yoga
1296,Myra Patel,2026-02-27,1,732,Yoga
1296,Myra Patel,2026-03-01,1,394,Cardio
1297,Sara Mehta,2026-02-16,1,413,Cardio
1297,Sara Mehta,2026-01-23,1,559,Crossfit
1297,Sara Mehta,2026-02-20,1,427,Strength
1297,Sara Mehta,2026-02-15,1,561,Yoga
1297,Sara Mehta,2026-01-07,1,632,Crossfit
1297,Sara Mehta,2026-01-15,1,454,Cardio
1297,Sara Mehta,2026-01-25,1,544,Crossfit
1297,Sara Mehta,2026-02-25,1,523,Crossfit
1297,Sara Mehta,2026-02-18,1,421,Cardio
1298,Krishna Nair,2026-01-15,1,526,Crossfit
1298,Krishna Nair,2026-01-02,1,333,Cardio
1298,Krishna Nair,2026-01-06,1,847,Zumba
1298,Krishna Nair,2026-01-29,1,658,Crossfit
1298,Krishna Nair,2026-01-12,1,807,Yoga
1299,Ishaan Sharma,2026-02-18,1,952,Crossfit
1299,Ishaan Sharma,2026-01-04,1,803,Yoga
1299,Ishaan Sharma,2026-02-24,1,349,Yoga
1299,Ishaan Sharma,2026-02-09,1,345,Yoga
1299,Ishaan Sharma,2026-01-31,1,801,Cardio
1299,Ishaan Sharma,2026-01-12,1,641,Strength
1299,Ishaan Sharma,2026-02-15,1,562,Yoga
1300,Vivaan Mehta,2026-01-06,1,997,Zumba
1300,Vivaan Mehta,2026-02-03,1,344,Cardio
1300,Vivaan Mehta,2026-01-17,1,923,Strength
1300,Vivaan Mehta,2026-01-28,1,714,Yoga
1300,Vivaan Mehta,2026-01-17,1,386,Crossfit
1300,Vivaan Mehta,2026-02-24,1,836,Zumba
1300,Vivaan Mehta,2026-01-27,1,742,Cardio
1300,Vivaan Mehta,2026-01-24,1,648,Crossfit
1300,Vivaan Mehta,2026-01-03,1,979,Yoga
1300,Vivaan Mehta,2026-01-15,1,675,Strength
